"ID_GQ","ID_rcpt","Region1","Location","Year","Month","Day","Community","Haplo","K","Q1","Q2","Q3","Q4","Q5","Membership.all"
"S_20_00600","DL2003_S_17908","SEH","Little_Whale_River_Qilalugarsiuviup_Kuunga",2003,7,14,"DFO_MPO","HL001",5,0.019711,1e-05,0.039775,0.002422,0.938082,"LGR"
"S_20_00601","DL2003_S_9151","SEH","Little_Whale_River_Qilalugarsiuviup_Kuunga",2003,7,11,"DFO_MPO","HL002",5,1e-05,1e-05,0.005679,1e-05,0.994291,"LGR"
"S_20_00602","DL2003_S_9152","SEH","Little_Whale_River_Qilalugarsiuviup_Kuunga",2003,7,22,"DFO_MPO","HL003",5,0.002885,0.098198,0.056672,0.017727,0.824518,"LGR"
"S_20_00603","ARAR_03_1043","NWH","Arviat",2003,8,NA,"Arviat","HL004",5,1e-05,0.436247,0.373115,0.108728,0.0819,"PAN"
"S_20_00604","ARAR_03_1046","NWH","Arviat",2003,8,NA,"Arviat","HL003",5,0.015069,0.591321,0.280712,0.055412,0.057486,"PAN"
"S_20_00605","ARAR_03_1080","NWH","Arviat",2003,8,NA,"Arviat","HL003",5,0.035886,0.602709,0.307721,0.01781,0.035873,"PAN"
"S_20_00606","ARAR_03_1074","NWH","Arviat",2003,8,17,"Arviat","HL004",5,0.009839,0.54002,0.37763,0.037191,0.035319,"PAN"
"S_20_00607","ARAR_03_1073","NWH","Arviat",2003,8,17,"Arviat","HL003",5,0.00284,0.549808,0.322673,0.010051,0.114629,"PAN"
"S_20_00608","ARAR_03_1077","NWH","Arviat",2003,8,NA,"Arviat","HL001",5,0.014061,0.571888,0.333431,0.015961,0.06466,"PAN"
"S_20_00609","ARAR_03_1061","NWH","Arviat",2003,8,17,"Arviat","HL005",5,0.048065,0.566588,0.287214,0.034694,0.063438,"PAN"
"S_20_00610","ARAR_03_1058","NWH","Arviat",2003,8,NA,"Arviat","HL001",5,1e-05,0.581853,0.344727,0.073399,1e-05,"PAN"
"S_20_00611","ARAR_03_1075","NWH","Arviat",2003,8,9,"Arviat","HL001",5,0.006587,0.422518,0.283792,0.14208,0.145023,"PAN"
"S_20_00614","ARAR_03_1059","NWH","Arviat",2003,8,14,"Arviat","HL003",5,0.035509,0.530643,0.427799,0.006038,1e-05,"PAN"
"S_20_00615","ARAR_03_1060","NWH","Arviat",2003,8,9,"Arviat","HL001",5,0.043508,0.43979,0.310139,0.150732,0.055831,"PAN"
"S_20_00616","ARAR_03_1062","NWH","Arviat",2003,8,14,"Arviat","HL001",5,1e-05,0.468825,0.403462,0.067281,0.060421,"PAN"
"S_20_00617","ARAR_03_1072","NWH","Arviat",2003,8,13,"Arviat","HL003",5,0.04572,0.565449,0.297689,0.054595,0.036546,"PAN"
"S_20_00618","ARAR_03_1041","NWH","Arviat",2003,8,17,"Arviat","HL006",5,0.040454,0.53685,0.338783,0.067026,0.016887,"PAN"
"S_20_00620","DL2003_S_1853","SEH","Little_Whale_River_Qilalugarsiuviup_Kuunga",2003,7,14,"DFO_MPO","HL007",5,1e-05,0.068116,0.140492,0.025008,0.766374,"LGR"
"S_20_00621","DL2003_S_1852","SEH","Little_Whale_River_Qilalugarsiuviup_Kuunga",2003,7,11,"DFO_MPO","HL001",5,1e-05,1e-05,0.065058,1e-05,0.934912,"LGR"
"S_20_00622","JBDL_07_01","JAM","Pointe_de_Repentigny",2007,8,9,"DFO_MPO","HL008",5,1e-05,1e-05,1e-05,0.99996,1e-05,"JAM"
"S_20_00625","ARSQ_03_1011","BEL","Sanikiluaq",2003,7,NA,"Sanikiluaq","HL001",5,0.038756,0.51188,0.340324,0.065507,0.043533,"PAN"
"S_20_00626_rep","ARSQ_03_1013","BEL","Sanikiluaq",2003,7,8,"Sanikiluaq","HL010",5,0.029133,0.560587,0.143679,0.125934,0.140667,"PAN"
"S_20_00627","ARSQ_03_1006","BEL","Wiegand_Island",2003,7,7,"Sanikiluaq","HL001",5,0.03655,0.435961,0.443397,0.084082,1e-05,"PAN"
"S_20_00628","ARSQ_03_1007","BEL","Wiegand_Island",2003,7,7,"Sanikiluaq","HL001",5,0.029907,0.509702,0.349379,0.077246,0.033765,"PAN"
"S_20_00629","ARNR_04_02","SWH","Nelson_River",2004,7,24,"Churchill","HL003",5,0.033977,0.626634,0.211491,0.062377,0.065521,"PAN"
"S_20_00630","ARNR_04_03","SWH","Nelson_River",2004,7,25,"Churchill","HL001",5,0.008757,0.509914,0.301484,0.103214,0.07663,"PAN"
"S_20_00632","ARNR_04_06","SWH","Nelson_River",2004,7,27,"Churchill","HL001",5,0.03688,0.532451,0.299447,0.071832,0.059391,"PAN"
"S_20_00633","ARNR_05_04","SWH","Nelson_River",2005,7,30,"Churchill","HL001",5,0.059386,0.4669,0.292193,0.107619,0.073902,"PAN"
"S_20_00635","NQ04_6017","SHS","Kangiqsujuaq",2004,7,22,"Kangiqsujuaq","HL001",5,0.037361,0.473258,0.343941,0.058447,0.086993,"PAN"
"S_20_00636","NQ04_6519","SHS","Falaise_Innijuaq",2004,7,2,"Salluit","HL003",5,0.060321,0.52392,0.314291,0.040365,0.061104,"PAN"
"S_20_00638","NQ04_6522","SHS","Falaise_Innijuaq",2004,7,1,"Salluit","HL001",5,0.042128,0.397176,0.464571,0.05321,0.042915,"PAN"
"S_20_00639","NQ04_6171","SHS","Baie_Nanuttuvik",2004,6,30,"Salluit","HL012",5,0.03327,0.59728,0.289569,0.039615,0.040265,"PAN"
"S_20_00640","NQ04_6172","SHS","Salluit_Fjord",2004,6,30,"Salluit","HL011",5,0.010972,0.625543,0.274148,0.029757,0.059579,"PAN"
"S_20_00642","FMMM_CH_001","NHB","Coral_Harbour",1993,7,25,"Coral Harbour","HL008",5,0.035453,0.586405,0.329324,0.008653,0.040165,"PAN"
"S_20_00643","FMMM_CH_011","NHB","Coral_Harbour",1993,7,27,"Coral Harbour","HL013",5,0.034379,0.601842,0.340847,0.004885,0.018047,"PAN"
"S_20_00644","FMMM_CH_016","NHB","Coral_Harbour",1993,7,26,"Coral Harbour","HL003",5,0.030355,0.541559,0.375229,0.001122,0.051734,"PAN"
"S_20_00645","FMMM_CH_018","NHB","Coral_Harbour",1993,7,26,"Coral Harbour","HL009",5,0.004138,0.588473,0.30486,0.039953,0.062576,"PAN"
"S_20_00646_rep","NQDL_3100","UNG","Anse_Inussujuaq_Misaqvik",2001,7,20,"Kangirsuk","HL014",5,0.046157,0.511738,0.270254,0.036881,0.13497,"PAN"
"S_20_00647_rep","NQDL_3095","UNG","Anse_Inussujuaq_Misaqvik",2001,7,19,"Kangirsuk","HL003",5,0.041933,0.55735,0.317397,0.037836,0.045484,"PAN"
"S_20_00649","NQDL_3245","UNG","Aupaluk",2001,7,5,"Aupaluk","HL014",5,0.015077,0.605266,0.210964,0.036651,0.132043,"PAN"
"S_20_00650","NQDL_3251","UNG","Aupaluk",2001,7,5,"Aupaluk","HL001",5,0.031871,0.546369,0.251697,0.116183,0.05388,"PAN"
"S_20_00652","DL2003_S_17906","SEH","Little_Whale_River_Qilalugarsiuviup_Kuunga",2003,7,23,"DFO_MPO","HL003",5,0.008472,0.51867,0.335501,0.091366,0.045992,"PAN"
"S_20_00653","DL2003_S_17911","SEH","Little_Whale_River_Qilalugarsiuviup_Kuunga",2003,7,27,"DFO_MPO","HL016",5,0.045681,0.526601,0.254446,0.047575,0.125698,"PAN"
"S_20_00654","ARAR_99_1019","NWH","Arviat_west of McConnel River",1999,8,11,"Arviat","HL001",5,0.03297,0.449407,0.274428,0.169779,0.073416,"PAN"
"S_20_00656","ARAR_99_1014","NWH","Arviat",1999,8,11,"Arviat","HL017",5,1e-05,0.547131,0.349638,0.092193,0.011028,"PAN"
"S_20_00657","ARAR_99_1009","NWH","Arviat_Sentry Island",1999,8,12,"Arviat","HL018",5,1e-05,1e-05,0.899557,0.001816,0.098608,"CSB"
"S_20_00658","ARAR_99_1036","NWH","Arviat_McConnel River",1999,8,11,"Arviat","HL019",5,1e-05,0.513909,0.424926,0.061145,1e-05,"PAN"
"S_20_00660","ARPG_05_1220","CSB","Pangnirtung",2005,8,3,"Pangnirtung","HL003",5,0.070417,0.456511,0.39663,0.04089,0.035552,"PAN"
"S_20_00661","ARPG_02_1054","CSB","Pangnirtung_Imigen",2002,7,6,"Pangnirtung","HL003",5,0.01227,1e-05,0.9877,1e-05,1e-05,"CSB"
"S_20_00662","ARPG_02_1072","CSB","Pangnirtung",2002,7,25,"Pangnirtung","HL021",5,0.008887,0.120866,0.786437,0.014639,0.069171,"CSB"
"S_20_00664","ARPG_05_1232","CSB","Pangnirtung_Bon_Accord",2005,8,4,"Pangnirtung","HL003",5,0.036195,0.581208,0.238662,0.081918,0.062017,"PAN"
"S_20_00665","ARPG_06_1281","CSB","Pangnirtung_Imilit",2006,6,30,"Pangnirtung","HL003",5,0.049261,0.571204,0.296406,0.014894,0.068235,"PAN"
"S_20_00666","ARPG_06_1280","CSB","Pangnirtung_Emelet",2006,7,1,"Pangnirtung","HL023",5,1e-05,0.054812,0.79972,0.024446,0.121012,"CSB"
"S_20_00667","ARPG_02_1040","CSB","Pangnirtung_Nuvuatiakalak",2002,7,21,"Pangnirtung","HL022",5,0.025518,0.126782,0.774566,0.005571,0.067564,"CSB"
"S_20_00668","ARPG_05_1255","CSB","Pangnirtung",2005,8,3,"Pangnirtung","HL024",5,1e-05,1e-05,0.999958,1.2e-05,1e-05,"CSB"
"S_20_00670","ARPG_02_1039","CSB","Pangnirtung",2002,7,10,"Pangnirtung","HL022",5,1e-05,1e-05,0.99996,1e-05,1e-05,"CSB"
"S_20_00676","PTT_7279","NWH","Churchill",1992,7,5,"Churchill","HL001",5,0.030863,0.365195,0.415462,0.145236,0.043244,"PAN"
"S_20_00678","PTT_7278","NWH","Churchill",1992,7,4,"Churchill","HL026",5,0.049627,0.263876,0.396649,0.231701,0.058149,"PAN"
"S_20_00681","ARAR_99_1037","NWH","Arviat_McConnel River",1999,8,11,"Arviat","HL004",5,1e-05,0.465296,0.438896,0.095787,1e-05,"PAN"
"S_20_00683","ARAR_99_1024","NWH","Arviat_Sentry Island",1999,8,11,"Arviat","HL015",5,0.030955,0.601399,0.295017,0.013969,0.05866,"PAN"
"S_20_00684","ARHU97_019","NWH","Chesterfield_Inlet_Baker Foreland",1997,8,17,"Chesterfield Inlet","HL003",5,0.005742,0.635866,0.203123,0.098798,0.056471,"PAN"
"S_20_00685","ARCI_99_1023","NWH","Chesterfield_Inlet_Josephine_River",1999,8,22,"Chesterfield Inlet","HL004",5,0.020545,0.388517,0.509977,0.058332,0.02263,"PAN"
"S_20_00686","ARCI_99_1024","NWH","Chesterfield_Inlet_Josephine_River",1999,8,22,"Chesterfield Inlet","HL004",5,0.022922,0.478062,0.431894,0.047529,0.019592,"PAN"
"S_20_00687","ARAR_99_1038","NWH","Arviat_McConnel River",1999,8,11,"Arviat","HL003",5,0.042981,0.620781,0.249267,0.025589,0.061382,"PAN"
"S_20_00690","ARPG_05_1241","CSB","Pangnirtung",2005,7,9,"Pangnirtung","HL003",5,0.076312,0.44186,0.409648,0.031953,0.040227,"PAN"
"S_20_00692","ARPG_05_1225","CSB","Pangnirtung_Tarriunittuq_Bay",2005,8,3,"Pangnirtung","HL003",5,0.026574,0.546763,0.315407,0.019567,0.091689,"PAN"
"S_20_00695","PGDL_02_03","CSB","Pangnirtung_West_Cumberland_Sound",2002,7,NA,"Pangnirtung","HL024",5,1e-05,1e-05,0.99996,1e-05,1e-05,"CSB"
"S_20_00697","ARPG_07_1314","CSB","Pangnirtung",2007,7,4,"Pangnirtung","HL028",5,1e-05,1e-05,0.99996,1e-05,1e-05,"CSB"
"S_20_00699","JBDL_07_06","JAM","Pointe_de_Repentigny",2007,8,25,"DFO_MPO","HL008",5,0.0085,1e-05,1e-05,0.99147,1e-05,"JAM"
"S_20_00701","ARPG_05_1211","CSB","Pangnirtung",2005,7,12,"Pangnirtung","HL029",5,0.033816,0.637514,0.192612,0.040042,0.096016,"PAN"
"S_20_00702","ARPG_02_1034","CSB","Pangnirtung",2002,7,22,"Pangnirtung","HL030",5,1e-05,1e-05,0.99996,1e-05,1e-05,"CSB"
"S_20_00703","ARPG_06_1265","CSB","Pangnirtung",2006,7,1,"Pangnirtung","HL003",5,1e-05,1e-05,0.99996,1e-05,1e-05,"CSB"
"S_20_00709","PGDL_02_02","CSB","Pangnirtung_West_Cumberland_Sound",2002,7,NA,"Pangnirtung","HL024",5,1e-05,1e-05,0.99996,1e-05,1e-05,"CSB"
"S_20_00710","DL2008_JB_06","JAM","Pointe_de_Repentigny_James_Bay",2008,8,10,"DFO_MPO","HL008",5,1e-05,1e-05,1e-05,0.99996,1e-05,"JAM"
"S_20_00711","JBDL_07_02","JAM","Pointe_de_Repentigny",2007,8,9,"DFO_MPO","HL008",5,1e-05,1e-05,1e-05,0.99996,1e-05,"JAM"
"S_20_00712","JBDL_07_04","JAM","Pointe_de_Repentigny",2007,8,14,"DFO_MPO","HL008",5,1e-05,1e-05,1e-05,0.99996,1e-05,"JAM"
"S_20_00713","ARSQ_02_1036","BEL","Sanikiluaq",2002,5,30,"Sanikiluaq","HL032",5,0.026101,0.34091,0.55927,0.050084,0.023634,"PAN"
"S_20_00717","ARSQ_04_1073","BEL","Sanikiluaq",2004,6,19,"Sanikiluaq","HL035",5,0.039725,0.427023,0.405606,0.063533,0.064113,"PAN"
"S_20_00718","ARSQ_03_1018","BEL","Sanikiluaq",2003,9,29,"Sanikiluaq","HL036",5,0.028295,0.513805,0.308167,0.073163,0.07657,"PAN"
"S_20_00719","ARSQ_2004_6","BEL","Sanikiluaq",2005,5,19,"Sanikiluaq","HL037",5,0.002042,0.038815,0.120208,0.800032,0.038903,"JAM"
"S_20_00720","ARSQ_03_1017","BEL","Sanikiluaq",2003,9,29,"Sanikiluaq","HL022",5,0.023154,0.509754,0.290938,0.091697,0.084456,"PAN"
"S_20_00721","ARSQ_04_1072","BEL","Sanikiluaq",2004,6,18,"Sanikiluaq","HL001",5,0.050134,0.304818,0.583997,0.061041,1e-05,"PAN"
"S_20_00722","ARSQ_04_1032","BEL","Sanikiluaq",2004,12,17,"Sanikiluaq",NA,5,0.002863,1e-05,0.19936,0.797758,1e-05,"JAM"
"S_20_00724","ARSQ_2004_15","BEL","Sanikiluaq",2005,5,19,"Sanikiluaq","HL034",5,1e-05,0.008722,0.109282,0.858689,0.023298,"JAM"
"S_20_00725","ARSQ_2004_5","BEL","Sanikiluaq",2005,5,19,"Sanikiluaq","HL001",5,0.003045,1e-05,0.095596,0.897605,0.003744,"JAM"
"S_20_00726","ARSQ_03_1014","BEL","Sanikiluaq",2003,9,29,"Sanikiluaq","HL001",5,0.007216,0.522531,0.32544,0.051173,0.093641,"PAN"
"S_20_00729","ARSQ_2004_4","BEL","Sanikiluaq",2005,5,19,"Sanikiluaq","HL001",5,1e-05,0.020049,0.110751,0.818538,0.050652,"JAM"
"S_20_00730","ARSQ_02_1035","BEL","Sanikiluaq",2002,5,NA,"Sanikiluaq","HL038",5,0.014553,1e-05,0.142595,0.842832,1e-05,"JAM"
"S_20_00732","ARSQ_04_1067","BEL","Sanikiluaq",2004,7,NA,"Sanikiluaq","HL001",5,0.042835,0.309589,0.566329,0.052214,0.029032,"PAN"
"S_20_00733","ARSQ_04_1030","BEL","Sanikiluaq",2004,12,17,"Sanikiluaq","HL033",5,0.012637,1e-05,0.212081,0.775263,1e-05,"JAM"
"S_20_00734","ARSQ_03_1005","BEL","Sanikiluaq",2003,6,28,"Sanikiluaq","HL001",5,0.046637,0.319085,0.560892,0.073376,1e-05,"PAN"
"S_20_00735","ARSQ_2004_18","BEL","Sanikiluaq",2005,5,19,"Sanikiluaq","HL033",5,1e-05,1e-05,0.085713,0.912506,0.001762,"JAM"
"S_20_00738","ARSQ_04_1066","BEL","Sanikiluaq",2004,6,17,"Sanikiluaq","HL001",5,0.006302,0.586484,0.295161,0.041275,0.070778,"PAN"
"S_20_00740","ARSQ_2004_17","BEL","Sanikiluaq",2005,5,19,"Sanikiluaq","HL033",5,1e-05,1e-05,0.117385,0.882585,1e-05,"JAM"
"S_20_00741","ARSQ_02_1004","BEL","Sanikiluaq",2002,5,17,"Sanikiluaq","HL032",5,0.061503,0.508743,0.374743,0.042675,0.012335,"PAN"
"S_20_00742","ARSQ_04_A","BEL","Sanikiluaq",2004,NA,NA,"Sanikiluaq",NA,5,0.021132,0.515384,0.330566,0.065748,0.067169,"PAN"
"S_20_00744","ARSQ_02_1010","BEL","Sanikiluaq",2002,5,30,"Sanikiluaq","HL022",5,0.01113,0.547889,0.296804,0.05699,0.087187,"PAN"
"S_20_00745","ARSQ_03_1020","BEL","Sanikiluaq",2003,9,NA,"Sanikiluaq","HL001",5,0.03506,0.533266,0.309007,0.076401,0.046267,"PAN"
"S_20_00748","ARSQ_04_1065","BEL","Sanikiluaq",2004,6,17,"Sanikiluaq","HL001",5,0.016006,0.58736,0.246416,0.087304,0.062914,"PAN"
"S_20_00749","ARSQ_2004_2","BEL","Sanikiluaq",2005,5,19,"Sanikiluaq","HL016",5,0.011173,0.004158,0.136355,0.842797,0.005517,"JAM"
"S_20_00750","ARSQ_03_1040","BEL","Sanikiluaq",2003,9,29,"Sanikiluaq","HL001",5,0.015912,0.428528,0.402235,0.091708,0.061617,"PAN"
"S_20_00751","ARSQ_03_1024","BEL","Sanikiluaq",2003,NA,NA,"Sanikiluaq","HL001",5,0.027194,0.44576,0.397266,0.083998,0.045783,"PAN"
"S_20_00753","ARSQ_2004_11","BEL","Sanikiluaq",2005,5,19,"Sanikiluaq","HL034",5,0.021246,1e-05,0.116122,0.848218,0.014404,"JAM"
"S_20_00754","ARSQ_2004_14","BEL","Sanikiluaq",2005,5,19,"Sanikiluaq","HL039",5,0.026421,0.027963,0.124815,0.82079,1e-05,"JAM"
"S_20_00755","ARSQ_04_1075","BEL","Sanikiluaq",2004,6,17,"Sanikiluaq","HL001",5,0.019586,0.477641,0.386578,0.086378,0.029817,"PAN"
"S_20_00757","ARSQ_04_1086","BEL","Sanikiluaq",2004,6,17,"Sanikiluaq","HL022",5,0.039854,0.51202,0.373148,0.074968,1e-05,"PAN"
"S_20_00758","ARSQ_2004_8","BEL","Sanikiluaq",2005,5,19,"Sanikiluaq","HL039",5,0.01497,0.038187,0.115536,0.815701,0.015607,"JAM"
"S_20_00761","ARSQ_2004_19","BEL","Sanikiluaq",2005,5,19,"Sanikiluaq","HL008",5,0.041352,1e-05,1e-05,0.928485,0.030143,"JAM"
"S_20_00764","ARSQ_2004_16","BEL","Sanikiluaq",2005,5,19,"Sanikiluaq","HL001",5,0.034693,1e-05,0.003308,0.949775,0.012214,"JAM"
"S_20_00765","ARSQ_02_1001","BEL","Sanikiluaq",2002,5,30,"Sanikiluaq","HL022",5,0.039681,0.51796,0.378948,0.058344,0.005067,"PAN"
"S_20_00766","ARSQ_02_1002","BEL","Sanikiluaq",2002,5,30,"Sanikiluaq","HL001",5,0.046188,0.517638,0.31451,0.088514,0.033151,"PAN"
"S_20_00767","ARSQ_04_1071","BEL","Sanikiluaq",2004,6,18,"Sanikiluaq","HL022",5,0.065163,0.440118,0.402461,0.062317,0.029941,"PAN"
"S_20_00768","ARSQ_2004_12","BEL","Sanikiluaq",2005,5,19,"Sanikiluaq","HL001",5,0.037154,0.017989,0.138214,0.806633,1e-05,"JAM"
"S_20_00769","ARSQ_2004_13","BEL","Sanikiluaq",2005,5,19,"Sanikiluaq","HL034",5,1e-05,0.040485,0.176694,0.753958,0.028853,"JAM"
"S_20_00770","ARNR_03_01","SWH","Nelson_River",2003,7,30,"Churchill","HL015",5,0.022716,0.581371,0.254434,0.060596,0.080882,"PAN"
"S_20_00771","ARNR_03_04","SWH","Nelson_River",2003,8,4,"Churchill","HL001",5,0.035247,0.446261,0.323923,0.117768,0.076801,"PAN"
"S_20_00772","ARNR_03_02","SWH","Nelson_River",2003,8,3,"Churchill","HL003",5,0.013094,0.582741,0.257871,0.043411,0.102883,"PAN"
"S_20_00775","ARNR_05_01","SWH","Nelson_River",2005,7,23,"Churchill","HL012",5,0.027628,0.641547,0.243484,0.028538,0.058802,"PAN"
"S_20_00776","ARPG_02_1037","CSB","Pangnirtung_Ilugajut",2002,7,NA,"Pangnirtung","HL003",5,0.017985,0.139449,0.763484,0.029602,0.04948,"CSB"
"S_20_00777","ARPG_02_1198","CSB","Pangnirtung",2002,7,22,"Pangnirtung","HL022",5,0.02493,0.034845,0.758461,0.023881,0.157882,"CSB"
"S_20_00778","ARPG_02_1077","CSB","Pangnirtung_Imilit",2002,7,6,"Pangnirtung","HL040",5,0.003677,0.177993,0.721642,0.01124,0.085447,"CSB"
"S_20_00779","ARNR_02_01","SWH","Nelson_River",2002,7,13,"Churchill","HL012",5,0.026622,0.58743,0.283224,0.039929,0.062795,"PAN"
"S_20_00780","ARCH_01_1111","NWH","Coral Harbour_Ruin Point",2001,9,3,"Coral Harbour","HL020",5,0.009755,0.475542,0.408931,0.074661,0.031111,"PAN"
"S_20_00781","ARPG_07_1317","CSB","Pangnirtung",2007,7,4,"Pangnirtung","HL003",5,0.009698,0.105667,0.820153,1e-05,0.064472,"CSB"
"S_20_00782","ARPG_05_1230","CSB","Pangnirtung",2005,NA,NA,"Pangnirtung","HL003",5,0.071324,0.323175,0.596185,1e-05,0.009307,"PAN"
"S_20_00784","ARPG_07_1328","CSB","Pangnirtung_Kangilo_Fjord",2007,7,4,"Pangnirtung","HL024",5,1e-05,1e-05,0.978141,1e-05,0.021829,"CSB"
"S_20_00788","ARNR_04_01","SWH","Nelson_River",2004,7,24,"Churchill","HL042",5,0.026947,0.620293,0.203364,0.006947,0.14245,"PAN"
"S_20_00789","ARAR_03_1063","NWH","Arviat",2003,8,NA,"Arviat","HL003",5,0.012644,0.603429,0.290081,0.036645,0.0572,"PAN"
"S_20_00790","ARAR_03_1064","NWH","Arviat",2003,8,27,"Arviat","HL043",5,0.016363,0.54246,0.35661,0.059028,0.025538,"PAN"
"S_20_00791","ARAR_03_1065","NWH","Arviat",2003,8,6,"Arviat","HL044",5,0.0254,0.463407,0.464927,0.046257,1e-05,"PAN"
"S_20_00792","ARAR_03_1066","NWH","Arviat",2003,8,10,"Arviat","HL006",5,0.021686,0.586042,0.264022,0.071311,0.056939,"PAN"
"S_20_00793","ARAR_03_1067","NWH","Arviat",2003,8,4,"Arviat","HL003",5,0.036943,0.628916,0.262032,0.030773,0.041336,"PAN"
"S_20_00794","ARAR_03_1068","NWH","Arviat",2003,8,14,"Arviat","HL003",5,0.014156,0.651789,0.29097,0.028136,0.014948,"PAN"
"S_20_00795","ARAR_03_1069","NWH","Arviat",2003,8,17,"Arviat","HL045",5,0.022416,0.654642,0.260234,0.029722,0.032987,"PAN"
"S_20_00797","ARAR_03_1044","NWH","Arviat",2003,8,17,"Arviat","HL046",5,0.001765,0.530349,0.366032,0.090128,0.011727,"PAN"
"S_20_00798","ARAR_03_1047","NWH","Arviat",2003,8,17,"Arviat","HL001",5,0.038285,0.609055,0.254033,0.050641,0.047986,"PAN"
"S_20_00799","ARAR_03_1048","NWH","Arviat",2003,8,17,"Arviat","HL047",5,0.027206,0.584126,0.28291,0.04856,0.057198,"PAN"
"S_20_00800","ARAR_03_1050","NWH","Arviat",2003,8,15,"Arviat","HL003",5,0.010879,0.549474,0.300319,0.049493,0.089834,"PAN"
"S_20_00801","ARAR_03_1052","NWH","Arviat",2003,8,NA,"Arviat","HL003",5,0.036161,0.507621,0.381143,0.024858,0.050217,"PAN"
"S_20_00802","ARAR_03_1053","NWH","Arviat",2003,8,14,"Arviat","HL003",5,0.045583,0.538926,0.282562,0.027788,0.105141,"PAN"
"S_20_00803","ARAR_03_1054","NWH","Arviat",2003,8,14,"Arviat","HL044",5,1e-05,0.456815,0.450554,0.0648,0.027821,"PAN"
"S_20_00804","ARAR_03_1055","NWH","Arviat",2003,8,14,"Arviat","HL004",5,0.000252,0.492124,0.396944,0.104813,0.005867,"PAN"
"S_20_00805","ARAR_03_1057","NWH","Arviat",2003,8,9,"Arviat","HL001",5,0.042487,0.409155,0.340366,0.152822,0.05517,"PAN"
"S_20_00806","NQ02_4146","JAM","Bear_Island_Baie_James",2002,9,7,"Inukjuak","HL001",5,0.019106,0.470561,0.504017,0.006305,1e-05,"PAN"
"S_20_00807","NQ02_4147","JAM","Bear_Island_Baie_James",2002,9,7,"Inukjuak","HL001",5,0.02603,0.675522,0.09851,0.077533,0.122406,"PAN"
"S_20_00808","NQ02_4148","JAM","Bear_Island_Baie_James",2002,9,7,"Inukjuak","HL001",5,0.0455,0.569511,0.269629,0.053745,0.061615,"PAN"
"S_20_00809","NQ02_4149","JAM","Bear_Island_Baie_James",2002,9,7,"Inukjuak","HL001",5,0.031601,0.601713,0.205657,0.092516,0.068513,"PAN"
"S_20_00810","NQ02_4150","JAM","Bear_Island_Baie_James",2002,9,7,"Inukjuak","HL001",5,0.059477,0.580003,0.238939,0.046644,0.074936,"PAN"
"S_20_00811","ARCH_02_01","NWH","Churchill",2002,NA,NA,"Churchill","HL026",5,0.023841,0.478568,0.328298,0.118835,0.050458,"PAN"
"S_20_00812","ARNR_04_04","SWH","Nelson_River",2004,7,26,"Churchill","HL003",5,0.040066,0.50007,0.333414,0.032968,0.093482,"PAN"
"S_20_00813","ARNR_03_05","SWH","Nelson_River",2003,8,5,"Churchill","HL015",5,0.023536,0.60162,0.211983,0.049258,0.113603,"PAN"
"S_20_00814","NQWW_01_04","SHS","Quaqtaq",2001,10,25,"Quaqtaq","HL048",5,0.009981,0.450593,0.366991,0.136168,0.036268,"PAN"
"S_20_00816","NQWW_01_06","SHS","Quaqtaq",2001,10,27,"Quaqtaq","HL047",5,0.017227,0.599379,0.294752,0.046311,0.042331,"PAN"
"S_20_00817","NQWW_01_07","SHS","Quaqtaq",2001,10,26,"Quaqtaq","HL016",5,0.028759,0.736672,0.028491,0.050402,0.155676,"PAN"
"S_20_00818","NQWW_01_08","SHS","Quaqtaq",2001,10,26,"Quaqtaq","HL003",5,0.023251,0.510719,0.376578,0.056539,0.032912,"PAN"
"S_20_00820","NQWW_01_20","SHS","Quaqtaq",2001,11,2,"Quaqtaq","HL003",5,0.019144,0.511135,0.321037,0.065076,0.083608,"PAN"
"S_20_00822","NQWW_01_22","SHS","Quaqtaq",2001,11,2,"Quaqtaq","HL003",5,0.01759,0.112122,0.078257,0.026207,0.765823,"LGR"
"S_20_00828","ARCI_99_1028","NWH","Chesterfield_Inlet",1999,9,18,"Chesterfield Inlet","HL012",5,0.025683,0.649238,0.163814,0.091327,0.069938,"PAN"
"S_20_00829","ARCI_99_1025","NWH","Chesterfield_Inlet",1999,9,22,"Chesterfield Inlet","HL003",5,0.045874,0.634219,0.195986,0.082975,0.040945,"PAN"
"S_20_00830","ARCI_99_1026","NWH","Chesterfield_Inlet",1999,9,22,"Chesterfield Inlet","HL003",5,0.022794,0.651987,0.219925,0.034206,0.071088,"PAN"
"S_20_00831","ARCI_99_1009","NWH","Chesterfield_Inlet",1999,9,18,"Chesterfield Inlet","HL003",5,0.019939,0.591002,0.320893,0.065734,0.002433,"PAN"
"S_20_00832","ARCI_99_1004","NWH","Chesterfield_Inlet",1999,9,22,"Chesterfield Inlet","HL003",5,0.043464,0.640791,0.199533,0.083361,0.032852,"PAN"
"S_20_00833","ARCI_99_1001","NWH","Chesterfield_Inlet",1999,NA,NA,"Chesterfield Inlet","HL019",5,0.034536,0.634909,0.25605,0.049686,0.024819,"PAN"
"S_20_00834","ARCI_99_1003","NWH","Chesterfield_Inlet",1999,NA,NA,"Chesterfield Inlet","HL003",5,0.034497,0.594556,0.277338,0.048027,0.045582,"PAN"
"S_20_00835_rep_1","NA99_DL_00_181","SEH","Nastapoka_River",1999,NA,NA,NA,"HL009",5,0.060659,0.459419,0.444076,1e-05,0.035836,"PAN"
"S_20_00836","NA99_DL_00_184","SEH","Nastapoka_River",1999,NA,NA,NA,"HL009",5,0.028284,0.568825,0.250438,0.025477,0.126977,"PAN"
"S_20_00849_rep","NQDL_3101","UNG","Anse_Inussujuaq_Misaqvik",2001,7,20,"Kangirsuk","HL011",5,0.032402,0.637611,0.227291,0.01897,0.083727,"PAN"
"S_20_00851_rep","NQDL_3103","UNG","Kangirsuk",2001,6,12,"Kangirsuk","HL003",5,0.025197,0.613413,0.232373,0.079591,0.049426,"PAN"
"S_20_00852_rep","NQDL_3104","UNG","Kangirsuk",2001,6,12,"Kangirsuk","HL001",5,0.037111,0.57485,0.263845,0.064838,0.059357,"PAN"
"S_20_00853","NQDL_3261","UNG","Tasiujaq",2001,7,20,"Tasiujaq","HL003",5,0.046186,0.600417,0.214599,0.072317,0.066481,"PAN"
"S_20_00854_rep","NQDL_3263","UNG","Tasiujaq",2001,7,18,"Tasiujaq","HL010",5,0.034853,0.609961,0.103095,0.065187,0.186903,"PAN"
"S_20_00855","NQDL_3265","UNG","Tasiujaq",2001,7,22,"Tasiujaq","HL003",5,0.021686,0.576866,0.267579,0.068663,0.065205,"PAN"
"S_20_00856","NQDL_3288","UNG","Tasiujaq",2001,7,16,"Kuujjuaq","HL003",5,1e-05,0.517069,0.349176,0.051245,0.0825,"PAN"
"S_20_00857_rep","NQDL_3297","UNG","Dry_Bay",2001,7,19,"Kuujjuaq","HL011",5,0.0329,0.619741,0.269888,0.055089,0.022381,"PAN"
"S_20_00860","NQDL_00103","NEH","Akulivik",2001,10,9,"Akulivik","HL001",5,0.030619,0.60476,0.299636,0.064975,1e-05,"PAN"
"S_20_00861_rep","NQDL_00104","NEH","Akulivik",2001,10,9,"Akulivik","HL001",5,0.014527,0.536396,0.257751,0.062228,0.129098,"PAN"
"S_20_00862_rep","NQDL_00155","SEH","Kuujjuarapik",2001,6,13,"Kuujjuaraapik","HL049",5,1e-05,1e-05,0.060958,1e-05,0.939012,"LGR"
"S_20_00865","NQDL_0060","SHS","Baie_Kuuttaap_Kangirsunga",2001,7,14,"Kangiqsujuaq","HL001",5,0.010638,0.457983,0.324774,0.060564,0.146041,"PAN"
"S_20_00866","NQDL_0065","SHS","Salluit_Fjord",2001,6,26,"Salluit","HL001",5,0.028608,0.582762,0.267005,0.018468,0.103157,"PAN"
"S_20_00867","NQDL_3019","SHS","Cap_Uqammaq",2001,6,25,"Kangiqsujuaq","HL003",5,0.019912,0.613846,0.242352,0.060704,0.063185,"PAN"
"S_20_00868","NQDL_3029","SHS","Kangiqsujuaq",2001,7,30,"Kangiqsujuaq","HL003",5,0.010224,0.616654,0.2756,0.043314,0.054208,"PAN"
"S_20_00870","NQDL_3036","SHS","Kangiqsujuaq",2001,6,25,"Kangiqsujuaq","HL051",5,0.019213,0.626795,0.254631,0.049641,0.049721,"PAN"
"S_20_00871","NQDL_3040","SHS","Kangiqsujuaq",2001,7,16,"Kangiqsujuaq","HL001",5,0.041066,0.535002,0.294659,0.041231,0.088042,"PAN"
"S_20_00872","NQDL_3046","SHS","Digges_Islands",2001,10,20,"Puvirnituq","HL003",5,0.003339,0.133863,0.099332,0.025695,0.73777,"LGR"
"S_20_00878","NQWW_01_13","SHS","Digges_Islands",2001,10,23,"Ivujivik","HL003",5,0.027116,0.611923,0.261376,0.046432,0.053152,"PAN"
"S_20_00881","NQWW_01_16","SHS","Digges_Islands",2001,10,26,"Ivujivik","HL001",5,0.008755,0.548246,0.35629,0.06843,0.018279,"PAN"
"S_20_00884","NQWW_01_19","SHS","Nuvuk_Islands",2001,10,8,"Ivujivik","HL001",5,0.01078,0.558491,0.302756,0.099646,0.028327,"PAN"
"S_20_00885","DL_KUU04_1","SHS","Kangiqsujuaq",2004,7,12,"Kuujjuaq","HL001",5,0.046372,0.374872,0.498251,0.026707,0.053798,"PAN"
"S_20_00890","NQ04_6169","SHS","Baie_Qarliik",2004,7,2,"Salluit","HL003",5,0.016281,0.520765,0.310658,0.050765,0.101531,"PAN"
"S_20_00891","NQ04_6170","SHS","Salluit",2004,6,29,"Salluit","HL003",5,0.017908,0.606656,0.291787,0.030996,0.052653,"PAN"
"S_20_00892","NQ04_6173","SHS","Baie_Nanuttuvik",2004,7,30,"Salluit","HL003",5,0.015998,0.58312,0.283433,0.014448,0.103002,"PAN"
"S_20_00894","NQ04_6511","SHS","Ivujivik",2004,10,12,"Ivujivik","HL001",5,0.030148,0.425494,0.429892,0.085853,0.028613,"PAN"
"S_20_00895","NQ04_6513","SHS","Ivujivik",2004,10,19,"Ivujivik","HL022",5,0.026237,0.531821,0.349619,0.088182,0.004141,"PAN"
"S_20_00897","NQ04_6524","SHS","Baie_Nanuttuvik",2004,7,1,"Salluit","HL001",5,0.04305,0.471283,0.358239,0.032057,0.095372,"PAN"
"S_20_00898","NQ04_6525","SHS","Salluit",2004,7,1,"Salluit","HL053",5,0.002977,0.441623,0.413424,0.052201,0.089775,"PAN"
"S_20_00899","NQ04_6526","SHS","Falaise_Naujaat_Akulliq",2004,7,1,"Salluit","HL001",5,0.045746,0.474685,0.270524,0.052592,0.156453,"PAN"
"S_20_00901","DL2003_S_17905","SEH","Little_Whale_River_Qilalugarsiuviup_Kuunga",2003,7,23,"DFO_MPO","HL001",5,0.01691,1e-05,0.140371,1e-05,0.842699,"LGR"
"S_20_00903","DL2003_S_1855","SEH","Little_Whale_River_Qilalugarsiuviup_Kuunga",2003,7,27,"DFO_MPO","HL003",5,0.000702,0.402282,0.230131,1e-05,0.366875,"PAN"
"S_20_00904","DL2003_S_5059","SEH","Little_Whale_River_Qilalugarsiuviup_Kuunga",2003,7,27,"DFO_MPO","HL003",5,0.023798,0.525873,0.282232,0.084574,0.083522,"PAN"
"S_20_00905","NQ03_5015","SHS","Falaise_Innijuaq",2003,6,28,"Salluit","HL011",5,0.041156,0.648094,0.22425,0.030413,0.056086,"PAN"
"S_20_00907","NQ03_5049","SHS","Pointe_Akulivik",2003,6,26,"Kangiqsujuaq","HL053",5,0.018403,0.516241,0.309861,0.034203,0.121292,"PAN"
"S_20_00908","NQ03_5051","SHS","Pointe_Akulivik",2003,6,27,"Kangiqsujuaq","HL001",5,0.026377,0.619182,0.222747,0.065113,0.066582,"PAN"
"S_20_00912","NQ03_5056","SHS","Kangiqsujuaq",2003,6,15,"Kangiqsujuaq","HL004",5,0.016222,0.571541,0.268779,0.04906,0.094398,"PAN"
"S_20_00913","NQ03_5057","SHS","Kangiqsujuaq",2003,7,10,"Kangiqsujuaq","HL012",5,0.042459,0.62603,0.278702,0.038076,0.014733,"PAN"
"S_20_00914","NQ03_5058","SHS","Kangiqsujuaq",2003,6,22,"Kangiqsujuaq","HL014",5,0.041027,0.617304,0.232081,0.03621,0.073379,"PAN"
"S_20_00915","NQ03_5108","SHS","Camp_Imilimmiut",2003,6,16,"Kangirsuk","HL001",5,0.049704,0.533933,0.396824,0.010835,0.008705,"PAN"
"S_20_00916_rep","NQ03_5112","UNG","Kangirsuk",2003,6,19,"Kangirsuk","HL001",5,0.013016,0.60003,0.174906,0.057061,0.154986,"PAN"
"S_20_00917","NQ03_5113","UNG","Kangirsuk",2003,6,19,"Kangirsuk","HL001",5,0.029022,0.527815,0.241723,0.079154,0.122285,"PAN"
"S_20_00918_rep","NQ03_5115","UNG","Kangirsuk",2003,6,19,"Kangirsuk","HL054",5,0.0039,0.602316,0.274393,0.037757,0.081635,"PAN"
"S_20_00920","NQ03_5118","SHS","Camp_Imilimmiut",2003,6,16,"Kangirsuk","HL001",5,0.048696,0.632833,0.239159,0.034577,0.044736,"PAN"
"S_20_00921_rep","NQ03_5120","UNG","Kangirsuk",2003,6,19,"Kangirsuk","HL008",5,1e-05,0.542661,0.326028,0.024939,0.106362,"PAN"
"S_20_00924","ARRB_02_1177","NHB","Repulse_Bay",2002,8,3,"Naujaat","HL016",5,0.020833,0.484814,0.456184,0.038159,1e-05,"PAN"
"S_20_00925","ARRB_02_1179","NHB","Repulse_Bay_Hurd Channel",2002,9,13,"Naujaat","HL001",5,0.033266,0.515205,0.364973,0.048621,0.037935,"PAN"
"S_20_00926","ARRB_02_1186","NHB","Repulse_Bay_Lyon Inlet",2002,9,NA,"Naujaat","HL055",5,0.013255,0.637264,0.224886,0.063536,0.061059,"PAN"
"S_20_00927","ARRB_02_1187","NHB","Repulse_Bay_Nauyad",2002,9,22,"Naujaat","HL003",5,0.020709,0.617012,0.286221,0.070429,0.005629,"PAN"
"S_20_00928","FMMM_CH_009","NHB","Coral_Harbour",1993,7,26,"Coral Harbour","HL013",5,0.03899,0.630116,0.259751,0.04421,0.026932,"PAN"
"S_20_00929","FMMM_CH_012","NHB","Coral_Harbour",1993,7,27,"Coral Harbour","HL009",5,0.037136,0.713726,0.193085,0.044544,0.011509,"PAN"
"S_20_00930","FMMM_CH_017","NHB","Coral_Harbour",1993,7,26,"Coral Harbour","HL018",5,0.024707,0.460093,0.439658,0.065295,0.010246,"PAN"
"S_20_00943","B96_253_COH","NHB","Coral_Harbour",1996,9,11,"Coral Harbour","HL012",5,0.043602,0.602807,0.252659,0.06582,0.035112,"PAN"
"S_20_00944","B96_254_COH","NHB","Coral_Harbour",1996,9,25,"Coral Harbour","HL001",5,0.037851,0.387861,0.316071,0.166168,0.09205,"PAN"
"S_20_00945","B96_255_COH","NHB","Coral_Harbour",1996,9,25,"Coral Harbour","HL003",5,0.054074,0.405041,0.381605,0.13002,0.02926,"PAN"
"S_20_00948","B96_258_COH","NHB","Coral_Harbour",1996,9,16,"Coral Harbour","HL057",5,0.049365,0.355472,0.411242,0.169271,0.01465,"PAN"
"S_20_00951","ARRB_01_1101","NHB","Repulse_Bay_White Island",2001,8,27,"Naujaat","HL019",5,1e-05,0.366823,0.633147,1e-05,1e-05,"PAN"
"S_20_00952","ARRB_02_1162","NHB","Repulse_Bay",2002,9,22,"Naujaat","HL003",5,0.011324,0.669445,0.207332,0.054096,0.057803,"PAN"
"S_20_00954","ARRB_01_1103","NHB","Repulse_Bay_White Island",2001,8,27,"Naujaat","HL020",5,0.023492,0.486288,0.383154,0.107056,1e-05,"PAN"
"S_20_00955","ARRB_01_1116","NHB","Repulse_Bay_Near Tikiraq",2001,9,3,"Naujaat","HL060",5,0.037826,0.606283,0.326277,0.022552,0.007063,"PAN"
"S_20_00957","ARRB_01_1146","NHB","Repulse_Bay",2001,9,20,"Naujaat","HL001",5,0.037966,0.55924,0.342195,0.018981,0.041618,"PAN"
"S_20_00959","ARRB_02_1119","NHB","Repulse_Bay",2002,9,22,"Naujaat","HL003",5,0.033313,0.593718,0.297962,0.035579,0.039428,"PAN"
"S_20_00960","NQ04_6158","SHS","Quaqtaq",2004,11,1,"Quaqtaq","HL002",5,0.026945,0.132464,0.092794,1e-05,0.747786,"LGR"
"S_20_00961","NQ04_6165","SHS","Quaqtaq",2004,10,28,"Quaqtaq","HL001",5,0.027717,0.510799,0.298867,0.064881,0.097736,"PAN"
"S_20_00962","NQ04_6166","SHS","Baie_Qarliik",2004,6,5,"Salluit","HL003",5,1e-05,0.569423,0.320943,1e-05,0.109613,"PAN"
"S_20_00964","NQ04_6021","SHS","Kangiqsujuaq",2004,6,25,"Kangiqsujuaq","HL003",5,0.037855,0.56107,0.329683,0.011139,0.060253,"PAN"
"S_20_00965","NQ04_6024","SHS","Kangiqsujuaq",2004,6,24,"Kangiqsujuaq","HL003",5,0.042606,0.544514,0.285021,0.023275,0.104584,"PAN"
"S_20_00966","NQ04_6025","SHS","Kangiqsujuaq",2004,7,15,"Kangiqsujuaq","HL001",5,0.045145,0.419861,0.402411,0.012782,0.119802,"PAN"
"S_20_00967","NQ04_6029","SHS","Kangiqsujuaq",2004,7,16,"Kangiqsujuaq","HL053",5,0.045626,0.421255,0.357524,0.067459,0.108136,"PAN"
"S_20_00968","NQ04_6061","SHS","Ivujivik",2004,10,6,"Akulivik","HL003",5,0.064524,0.424941,0.438836,0.056796,0.014903,"PAN"
"S_20_00969","NQ04_6064","SHS","Ivujivik",2004,10,20,"Akulivik","HL001",5,0.031359,0.401644,0.429118,0.083538,0.054341,"PAN"
"S_20_00974","NQ04_6157","SHS","Quaqtaq",2004,10,28,"Quaqtaq","HL001",5,0.041996,0.579575,0.28406,0.048071,0.046298,"PAN"
"S_20_00975","NQ04_6007","SHS","Quaqtaq",2004,10,22,"Kuujjuaq","HL002",5,0.016434,0.055816,0.209668,0.018595,0.699486,"PAN"
"S_20_00976","NQ04_6009","SHS","Pointe_Naujaat",2004,6,15,"Quaqtaq","HL008",5,0.042468,0.561796,0.337591,0.024484,0.033661,"PAN"
"S_20_00977","NQ04_6011","SHS","Pointe_Naujaat",2004,6,15,"Quaqtaq","HL015",5,0.000775,0.626216,0.309705,0.022626,0.040678,"PAN"
"S_20_00978","NQ04_6013","SHS","Quaqtaq",2004,10,13,"Quaqtaq","HL049",5,0.01312,1e-05,0.148578,1e-05,0.838282,"LGR"
"S_20_00982","NQ03_5047","SHS","Kangiqsujuaq",2003,6,18,"Kangiqsujuaq","HL011",5,0.036477,0.507427,0.295052,0.0286,0.132444,"PAN"
"S_20_00983","NQ03_5048","SHS","Kangiqsujuaq",2003,6,29,"Kangiqsujuaq","HL003",5,0.043038,0.493249,0.302723,0.091155,0.069836,"PAN"
"S_20_00987","NQ04_5196","SHS","Ivujivik",2004,7,2,"Akulivik","HL003",5,0.053894,0.535654,0.350246,0.027571,0.032634,"PAN"
"S_20_00988","NQ04_5197","SHS","Ivujivik",2004,7,7,"Akulivik","HL003",5,0.046409,0.491192,0.294688,0.024326,0.143384,"PAN"
"S_20_00989","NQ04_6001","SHS","Quaqtaq",2004,10,18,"Quaqtaq","HL055",5,0.010515,0.12316,0.117293,0.031036,0.717997,"LGR"
"S_20_00990","NQ04_6004","SHS","Quaqtaq",2004,10,18,"Quaqtaq","HL049",5,0.001587,1e-05,1e-05,0.006048,0.992345,"LGR"
"S_20_00991","NQ04_6006","SHS","Quaqtaq",2004,10,18,"Quaqtaq","HL049",5,0.029298,1e-05,0.066147,1e-05,0.904535,"LGR"
"S_20_00992","NQ03_5032","SHS","Nuvuk",2003,6,18,"Quaqtaq","HL008",5,0.033115,0.455548,0.405035,0.045211,0.061091,"PAN"
"S_20_00993","NQ03_5033","SHS","Nuvuk",2003,6,23,"Quaqtaq","HL008",5,0.041625,0.477427,0.411367,0.026135,0.043447,"PAN"
"S_20_00995","NQ03_5036","SHS","Pointe_Naujaat",2003,6,17,"Quaqtaq","HL003",5,0.017364,0.55724,0.311392,0.04902,0.064985,"PAN"
"S_20_00996","NQ03_5037","SHS","Pointe_Naujaat",2003,6,16,"Quaqtaq","HL014",5,0.051943,0.460215,0.311232,0.035169,0.141441,"PAN"
"S_20_00999","NQ03_5043","SHS","Pointe_Naujaat",2003,6,17,"Quaqtaq","HL001",5,0.039947,0.555689,0.305139,0.02726,0.071964,"PAN"
"S_20_01000","NQ03_5044","SHS","Pointe_Naujaat",2003,6,17,"Quaqtaq","HL001",5,0.014602,0.554078,0.327778,0.042758,0.060784,"PAN"
"S_20_01001","NQ03_5045","SHS","Kangiqsujuaq",2003,6,21,"Kangiqsujuaq","HL008",5,0.016903,0.563243,0.314665,0.024212,0.080977,"PAN"
"S_20_01002","NQ03_4085","UNG","Kangirsuk",2003,6,15,"Kangirsuk","HL001",5,0.014418,0.510699,0.305229,0.073025,0.096628,"PAN"
"S_20_01003","NQ03_4093","SHS","Tupirvikallak",2003,6,22,"Kangiqsujuaq","HL003",5,0.031326,0.527515,0.302733,0.049921,0.088505,"PAN"
"S_20_01004","NQ03_5000","SHS","Baie_Kangituuq",2003,6,8,"Ivujivik","HL001",5,0.043493,0.522858,0.220395,0.088425,0.124829,"PAN"
"S_20_01009","NQ03_5026","SHS","Nuvuk",2003,6,18,"Quaqtaq","HL003",5,0.016696,0.555202,0.232759,0.058116,0.137227,"PAN"
"S_20_01010","NQ03_5027","SHS","Nuvuk",2003,6,15,"Quaqtaq","HL003",5,0.039176,0.588722,0.323401,0.017502,0.031199,"PAN"
"S_20_01012_rep","NQ03_5136","UNG","Tasiujaq",2003,6,30,"Tasiujaq","HL053",5,0.023413,0.644702,0.148432,0.083833,0.099619,"PAN"
"S_20_01013_rep","NQ03_5140","UNG","Tasiujaq",2003,6,30,"Tasiujaq","HL003",5,0.013184,0.523862,0.34676,0.067073,0.04912,"PAN"
"S_20_01014","NQ03_5142","UNG","Cap_Qalirusiq",2003,8,2,"Tasiujaq","HL003",5,0.010652,0.570277,0.334078,0.019664,0.06533,"PAN"
"S_20_01016","NQ03_5200","SHS","Camp_Imilimmiut",2003,6,25,"Kuujjuaq","HL003",5,0.004456,0.602975,0.230179,0.05547,0.106921,"PAN"
"S_20_01017","NQ03_5201","SHS","Camp_Imilimmiut",2003,6,25,"Kuujjuaq","HL001",5,0.042954,0.567415,0.356928,0.012674,0.02003,"PAN"
"S_20_01018_rep","NQ03_5205","UNG","Kuujjuaq",2003,6,29,"Kuujjuaq","HL003",5,0.014475,0.637189,0.254781,0.052224,0.041331,"PAN"
"S_20_01019","NQ03_5206","NEH","Puvirnituq",2003,9,18,"Puvirnituq","HL001",5,0.021207,0.604845,0.228314,0.019351,0.126284,"PAN"
"S_20_01020","NQ03_5216","SHS","Camp_Imilimmiut",2003,NA,NA,"Kuujjuaq","HL001",5,0.011213,0.581696,0.265352,0.027054,0.114685,"PAN"
"S_20_01021","NQDL_4041","SEH","Little_Whale_River_Qilalugarsiuviup_Kuunga",2002,7,24,"DFO_MPO","HL002",5,1e-05,1e-05,1e-05,0.0082,0.99177,"LGR"
"S_20_01022","ARHU97_062","NWH","Whale_Cove",1997,8,10,"Whale Cove","HL004",5,0.0268,0.472075,0.451968,0.049147,1e-05,"PAN"
"S_20_01023","NQ03_00225","SHS","Quaqtaq",2003,7,29,"Tasiujaq","HL001",5,0.059097,0.434878,0.385759,0.020467,0.099799,"PAN"
"S_20_01025","NQ03_00238","SHS","Quaqtaq",2003,NA,NA,"Tasiujaq","HL003",5,0.02366,0.503717,0.294283,0.063744,0.114596,"PAN"
"S_20_01026","NQ03_00241","SHS","Camp_Imilimmiut",2003,6,17,"Tasiujaq","HL008",5,0.029224,0.559054,0.25475,0.033976,0.122996,"PAN"
"S_20_01028","DL_5046","SHS","Kangiqsujuaq",2003,6,30,"Kangiqsujuaq","HL008",5,0.009139,0.551995,0.253859,0.06603,0.118977,"PAN"
"S_20_01029","RB_B97_386","NHB","Repulse_Bay",1997,8,28,"Naujaat","HL003",5,0.024314,0.490806,0.450279,0.031838,0.002762,"PAN"
"S_20_01030","RB_B97_390","NHB","Repulse_Bay",1997,8,23,"Naujaat","HL003",5,0.012679,0.582202,0.316027,0.046174,0.042919,"PAN"
"S_20_01031","ARRB_06_06","NHB","Repulse_Bay",2006,8,12,"Naujaat","HL001",5,0.060689,0.334406,0.50347,0.090817,0.010618,"PAN"
"S_20_01036","ARCD_00_1056","NHS","Cape_Dorset",2000,11,4,"Cape Dorset/Kinngait","HL001",5,0.044477,0.539216,0.341951,0.057185,0.017171,"PAN"
"S_20_01038","ARCD_00_1062","NHS","Cape_Dorset",2000,11,1,"Cape Dorset/Kinngait","HL011",5,0.026915,0.622167,0.221016,0.030249,0.099653,"PAN"
"S_20_01040","ARCD_00_1066","NHS","Cape_Dorset",2000,10,31,"Cape Dorset/Kinngait","HL012",5,0.051057,0.59871,0.289011,0.054538,0.006684,"PAN"
"S_20_01042","ARCD_1999_1013","NHS","Cape_Dorset_Pakituaq",1999,11,10,"Cape Dorset/Kinngait","HL001",5,0.025753,0.600005,0.326635,0.047596,1e-05,"PAN"
"S_20_01044","ARCH_99_1002","NHB","Coral_Harbour",1999,NA,NA,"Coral Harbour","HL003",5,0.023113,0.663548,0.290906,1e-05,0.022423,"PAN"
"S_20_01045","ARCH_99_1004","NHB","Coral_Harbour",1999,8,17,"Coral Harbour","HL025",5,0.054286,0.51792,0.427774,1e-05,1e-05,"PAN"
"S_20_01046","ARCH_99_1007","NHB","Coral_Harbour",1999,8,16,"Coral Harbour","HL001",5,0.037834,0.61292,0.308523,1e-05,0.040713,"PAN"
"S_20_01047","ARCH_99_1008","NHB","Coral_Harbour",1999,8,16,"Coral Harbour","HL055",5,0.037274,0.487471,0.457386,0.008479,0.00939,"PAN"
"S_20_01048","ARCH_99_1012","NHB","Coral_Harbour",1999,8,17,"Coral Harbour","HL003",5,0.017684,0.651236,0.272363,0.018274,0.040442,"PAN"
"S_20_01049","ARCH_99_1013","NHB","Coral_Harbour",1999,NA,NA,"Coral Harbour","HL001",5,0.016056,0.45813,0.422747,0.055784,0.047283,"PAN"
"S_20_01051","ARCH_99_1023","NHB","Coral_Harbour",1999,8,16,"Coral Harbour","HL003",5,0.002122,0.558418,0.308704,0.042935,0.08782,"PAN"
"S_20_01061","ARCH_00_1050","NHB","Coral_Harbour_Nunaguluk",2000,9,2,"Coral Harbour","HL003",5,0.007573,0.584802,0.304604,0.086537,0.016484,"PAN"
"S_20_01062","ARCH_00_1053","NHB","Coral_Harbour_Snafu",2000,8,24,"Coral Harbour","HL044",5,0.033573,0.500374,0.408929,0.050352,0.006773,"PAN"
"S_20_01063","ARCH_00_1055","NHB","Coral_Harbour_Bear_Island",2000,8,25,"Coral Harbour","HL003",5,0.03563,0.609688,0.244555,0.042693,0.067434,"PAN"
"S_20_01065","ARCH_00_1057","NHB","Coral_Harbour",2000,8,24,"Coral Harbour","HL003",5,0.046845,0.560968,0.275298,0.066206,0.050683,"PAN"
"S_20_01066","ARCH_00_1058","NHB","Coral_Harbour",2000,8,24,"Coral Harbour","HL003",5,0.039056,0.538636,0.397373,0.020447,0.004487,"PAN"
"S_20_01068","ARCH_00_1064","NHB","Coral_Harbour_Prairie_Point",2000,8,26,"Coral Harbour","HL011",5,0.021478,0.554152,0.335553,0.064441,0.024376,"PAN"
"S_20_01071","ARCH_00_1071","NHB","Coral_Harbour_Snafu",2000,9,5,"Coral Harbour","HL003",5,0.019728,0.64488,0.263732,0.028819,0.042841,"PAN"
"S_20_01072","ARCH_00_1072","NHB","Coral_Harbour_Nunaguluk",2000,8,22,"Coral Harbour","HL011",5,0.027465,0.641844,0.23293,0.052692,0.04507,"PAN"
"S_20_01074","ARCI_99_1006","NWH","Chesterfield_Inlet",1999,9,22,"Chesterfield Inlet","HL065",5,0.009541,0.602457,0.22438,0.061488,0.102133,"PAN"
"S_20_01076","ARCI_99_1012","NWH","Chesterfield_Inlet",1999,9,19,"Chesterfield Inlet","HL003",5,0.022057,0.6503,0.145226,0.094681,0.087735,"PAN"
"S_20_01077","ARCI_99_1013","NWH","Chesterfield_Inlet",1999,9,18,"Chesterfield Inlet","HL001",5,0.015962,0.122827,0.209079,0.026384,0.625748,"PAN"
"S_20_01078","ARCI_99_1015","NWH","Chesterfield_Inlet_Fish Bay",1999,9,15,"Chesterfield Inlet","HL003",5,1e-05,0.610859,0.326556,0.040792,0.021784,"PAN"
"S_20_01079","ARCI_99_1019","NWH","Chesterfield_Inlet",1999,9,NA,"Chesterfield Inlet","HL001",5,0.013281,0.445769,0.431594,0.077198,0.032158,"PAN"
"S_20_01080","ARCI_99_1020","NWH","Chesterfield_Inlet",1999,9,NA,"Chesterfield Inlet","HL001",5,0.043688,0.634868,0.258298,0.063136,1e-05,"PAN"
"S_20_01081","ARCI_99_1021","NWH","Chesterfield_Inlet",1999,9,22,"Chesterfield Inlet","HL003",5,0.040865,0.54839,0.2562,0.084011,0.070535,"PAN"
"S_20_01083","NQDL_3054","SHS","Digges_Islands",2001,10,22,"Puvirnituq","HL001",5,0.022674,0.523276,0.296452,0.047461,0.110137,"PAN"
"S_20_01084","NQDL_3055","SHS","Digges_Islands",2001,10,17,"Puvirnituq","HL011",5,0.054948,0.510858,0.322081,0.026139,0.085974,"PAN"
"S_20_01086","NQDL_3057","SHS","Digges_Islands",2001,10,22,"Puvirnituq","HL001",5,0.023885,0.557443,0.294405,0.079147,0.04512,"PAN"
"S_20_01087","NQDL_3058","SHS","Digges_Islands",2001,10,23,"Puvirnituq","HL001",5,0.01045,0.618876,0.275073,0.051137,0.044463,"PAN"
"S_20_01088","NQDL_3059","SHS","Digges_Islands",2001,10,23,"Puvirnituq","HL012",5,0.026396,0.568641,0.320587,0.012922,0.071453,"PAN"
"S_20_01090","NQDL_3061","SHS","Nuvuk_Islands",2001,10,21,"Puvirnituq","HL001",5,0.001789,1e-05,0.034224,1e-05,0.963966,"LGR"
"S_20_01091","NQDL_3062","SHS","Nuvuk_Islands",2001,10,21,"Puvirnituq","HL002",5,0.020643,0.082914,0.192638,1e-05,0.703794,"LGR"
"S_20_01092","NQDL_3063","SHS","Digges_Islands",2001,10,23,"Puvirnituq","HL066",5,0.033322,0.62724,0.167222,0.052615,0.119601,"PAN"
"S_20_01093","NQDL_3064","SHS","Digges_Islands",2001,10,23,"Puvirnituq","HL048",5,0.03504,0.576942,0.272675,0.019729,0.095615,"PAN"
"S_20_01094","NQDL_3065","SHS","Digges_Islands",2001,10,23,"Puvirnituq","HL020",5,0.030424,0.521616,0.358412,0.057041,0.032507,"PAN"
"S_20_01095_rep","NQDL_3310","NEH","Cape_Smith",2001,10,15,"Puvirnituq","HL020",5,0.020469,0.59683,0.254898,0.067921,0.059882,"PAN"
"S_20_01096_rep","NQDL_3311","NEH","Cape_Smith",2001,10,15,"Puvirnituq","HL002",5,1e-05,0.049885,0.103256,0.012904,0.833946,"LGR"
"S_20_01097","NQDL_3312","NEH","Cape_Smith",2001,10,15,"Puvirnituq","HL001",5,0.0115,0.475585,0.327502,0.060709,0.124704,"PAN"
"S_20_01098","NQDL_3313","NEH","Cape_Smith",2001,10,15,"Puvirnituq","HL003",5,0.030236,0.381702,0.225856,0.269183,0.093023,"PAN"
"S_20_01099","NQDL_3314","NEH","Akulivik",2001,10,15,"Puvirnituq","HL067",5,0.018897,0.564365,0.277384,0.076976,0.062378,"PAN"
"S_20_01101","NQDL_3047","SHS","Digges_Islands",2001,10,20,"Puvirnituq","HL008",5,0.038495,0.442714,0.414082,0.036401,0.068308,"PAN"
"S_20_01103","NQDL_3049","SHS","Digges_Islands",2001,10,22,"Puvirnituq","HL001",5,0.013627,0.126516,0.120629,0.024655,0.714573,"LGR"
"S_20_01105","NQDL_3051","SHS","Digges_Islands",2001,10,20,"Puvirnituq","HL001",5,0.040131,0.536365,0.29401,0.018617,0.110878,"PAN"
"S_20_01106","NQDL_3052","SHS","Digges_Islands",2001,10,20,"Puvirnituq","HL001",5,0.030512,0.630068,0.263263,0.013004,0.063152,"PAN"
"S_20_01110","B94_167","NHS","Lake_Harbour",1994,11,1,"Kimmirut","HL015",5,0.008975,0.614141,0.206924,0.053588,0.116372,"PAN"
"S_20_01113","NQWW_01_03","SHS","Quaqtaq",2001,10,24,"Quaqtaq","HL003",5,0.037194,0.531131,0.308473,0.075741,0.047462,"PAN"
"S_20_01119","DL17_263","SEH","Kuujjuarapik",2017,7,24,"Kuujjuaraapik","HL069",5,1e-05,0.015193,1e-05,0.02559,0.959197,"LGR"
"S_20_01124","DL98_503","SEH","Nastapoka_River",1998,8,9,"Inukjuak","HL009",5,0.017617,0.584295,0.229033,0.055087,0.113966,"PAN"
"S_20_01126","DL_3143","SEH","Little_Whale_River_Qilalugarsiuviup_Kuunga",2001,8,7,"Kuujjuaraapik","HL002",5,0.030774,0.029405,0.195103,1e-05,0.744708,"LGR"
"S_20_01134","DL99_152","SEH","Umiujaq",1999,8,7,"Umiujaq","HL019",5,0.007684,0.586226,0.225869,0.099305,0.080916,"PAN"
"S_20_01135","GW94_03","SEH","Kuujjuarapik",1994,7,25,"Kuujjuaraapik","HL071",5,0.021712,0.101848,0.059751,0.027353,0.789337,"LGR"
"S_20_01136","DLUD_95_4","SEH","Lac_Tasiujaq",1995,7,15,NA,"HL001",5,0.028723,0.652746,0.075348,0.033108,0.210075,"PAN"
"S_20_01137","DL10_58","SEH","Inukjuak",2010,7,3,"Inukjuak","HL019",5,0.039664,0.582457,0.196548,0.072014,0.109317,"PAN"
"S_20_01139","DL14_183","SHS","Ivujivik",2015,11,2,"Ivujivik",NA,5,0.033697,0.556667,0.354891,1e-05,0.054735,"PAN"
"S_20_01144","NQ03_5074","JAM","James_Bay",2003,7,22,"Kuujjuaraapik","HL038",5,1e-05,1e-05,0.030966,0.969004,1e-05,"JAM"
"S_20_01145","DL09_171","SEH","Inukjuak",2009,6,22,"Inukjuak","HL001",5,0.038494,0.488018,0.340435,0.086331,0.046722,"PAN"
"S_20_01147","DL97_124","SEH","Inukjuak",1997,7,24,"Inukjuak","HL001",5,0.067049,0.693133,0.169171,0.001753,0.068894,"PAN"
"S_20_01154","NQ03_5071","JAM","James_Bay",2003,7,22,"Kuujjuaraapik","HL070",5,1e-05,0.065798,1e-05,0.934172,1e-05,"JAM"
"S_20_01210","DL17_235","SEH","Inukjuak",2017,7,2,"Inukjuak","HL001",5,0.059446,0.579887,0.203979,0.080915,0.075773,"PAN"
"S_20_01211","DL17_267","SEH","Kuujjuarapik",2018,8,3,"Kuujjuaraapik","HL008",5,0.041942,0.624627,0.125248,0.070398,0.137785,"PAN"
"S_20_01214","ARNR_05_05","SWH","Nelson_River",2005,7,30,"Churchill","HL003",5,0.032082,0.572758,0.34075,0.031186,0.023224,"PAN"
"S_20_01418","ARPG_02_1181","CSB","Pangnirtung_Cumberland_Sound",2002,7,22,"Pangnirtung","HL022",5,1e-05,1e-05,0.99996,1e-05,1e-05,"CSB"
"S_20_01618","DL_9025","SEH","Umiujaq",2007,7,1,"Umiujaq","HL001",5,0.053103,0.631482,0.106533,0.075009,0.133873,"PAN"
"S_20_01620","DL10_52","SEH","Inukjuak",2010,7,4,"Inukjuak","HL019",5,0.024859,0.530902,0.279805,0.041651,0.122783,"PAN"
"S_20_01621","DL97_118","SEH","Inukjuak",1997,8,4,"Inukjuak","HL009",5,0.013448,0.559022,0.262285,0.103977,0.061269,"PAN"
"S_20_01622","DL17_264","SEH","Kuujjuarapik",2017,7,24,"Kuujjuaraapik","HL001",5,0.017763,0.087429,0.040423,0.038768,0.815618,"LGR"
"S_20_01623","GW94_13","SEH","Kuujjuarapik",1994,7,25,"Kuujjuaraapik","HL017",5,0.01029,0.022011,0.090191,0.022452,0.855056,"LGR"
"S_20_01624","DLUD_11","SEH","Lac_Tasiujaq",1995,7,14,NA,"HL018",5,0.026295,0.67168,0.023854,0.105027,0.173144,"PAN"
"S_20_01626","DL_9023","SEH","Lac_Tasiujaq",2008,7,9,"Umiujaq","HL009",5,0.007857,0.6126,0.140071,0.061795,0.177676,"PAN"
"S_20_01628","DL17_231","SEH","Inukjuak",2007,7,2,"Inukjuak","HL003",5,0.025859,0.713588,0.15477,0.054427,0.051356,"PAN"
"S_20_01629","DL09_174","SEH","Lac_Tasiujaq",2009,7,25,"Inukjuak","HL009",5,0.05363,0.752837,1e-05,0.064032,0.129491,"PAN"
"S_20_01630","DL09_185","SEH","Lac_Tasiujaq",2009,7,21,"Umiujaq","HL009",5,0.003245,0.600075,0.160062,0.106101,0.130517,"PAN"
"S_20_01632","DL15_266","SEH","Kuujjuarapik",2015,7,23,"Kuujjuaraapik","HL002",5,1e-05,1e-05,1e-05,1e-05,0.99996,"LGR"
"S_20_01635","DL16_242","SEH","Umiujaq",2017,7,18,"Umiujaq","HL022",5,0.031028,0.418257,0.363829,0.101137,0.085749,"PAN"
"S_20_01636","DL_8156","SEH","Baie_Kilualuk",2008,7,10,"Umiujaq","HL010",5,0.025799,0.497797,0.40266,1e-05,0.073733,"PAN"
"S_20_01637","DL_8155","SEH","Umiujaq",2008,7,10,"Umiujaq","HL009",5,0.022545,0.655491,0.128213,0.06916,0.124592,"PAN"
"S_20_01638","DL_6090","SEH","Baie_Kilualuk",2007,8,8,"Inukjuak","HL001",5,0.035166,0.81417,1e-05,0.040717,0.109937,"PAN"
"S_20_01639","DL15_279","SEH","Kuujjuarapik",2015,7,10,"Kuujjuaraapik","HL002",5,1e-05,1e-05,1e-05,1e-05,0.99996,"LGR"
"S_20_01706","DL09_183","SEH","Lac_Tasiujaq",2009,7,7,"Umiujaq","HL010",5,0.032871,0.582331,0.217045,0.096079,0.071674,"PAN"
"S_20_01707","DL_9262","SEH","Baie_Kilualuk",2007,8,5,"Inukjuak","HL001",5,0.014818,0.584734,0.181203,0.090171,0.129074,"PAN"
"S_20_01708","DL_9267","SEH","Baie_Kilualuk",2007,8,8,"Inukjuak","HL001",5,0.037679,0.782608,1e-05,0.056982,0.12272,"PAN"
"S_20_01709","DL_10063","SEH","Lac_Tasiujaq",2009,7,7,"Umiujaq","HL018",5,0.062149,0.628235,0.123331,0.073088,0.113198,"PAN"
"S_20_01762","DL2019_004_F","SLE","Sainte_Flavie",2019,7,4,"Saint_Laurent","HL099",5,0.99996,1e-05,1e-05,1e-05,1e-05,"SLE"
"S_20_01763","DL2018_102","SLE","Cap_aux_Oies",2018,6,2,"Saint_Laurent","HL099",5,0.99996,1e-05,1e-05,1e-05,1e-05,"SLE"
"S_20_01764","DL2018_001","SLE","Ile_Verte",2018,5,20,"Saint_Laurent","HL099",5,0.99996,1e-05,1e-05,1e-05,1e-05,"SLE"
"S_20_01765","IN94_07","SEH","Nastapoka_River",1994,8,NA,"Inukjuak","HL019",5,0.035561,0.616232,0.206503,0.082031,0.059672,"PAN"
"S_20_01766","DL2017_004","SLE","Saint_Ulric",2017,10,23,"Saint_Laurent","HL099",5,0.99996,1e-05,1e-05,1e-05,1e-05,"SLE"
"S_20_01767","DL2017_005","SLE","Saint_Ulric",2017,11,28,"Saint_Laurent","HL099",5,0.99996,1e-05,1e-05,1e-05,1e-05,"SLE"
"S_20_01769","DL2009_002","SLE","Tadoussac",2009,7,29,"Saint_Laurent","HL050",5,0.99996,1e-05,1e-05,1e-05,1e-05,"SLE"
"S_20_01771","DL2009_108","SLE","Ile_Verte",2009,10,17,"Saint_Laurent","HL099",5,0.99996,1e-05,1e-05,1e-05,1e-05,"SLE"
"S_20_01774","DL2009_005","SLE","Pointe_au_Pere",2009,9,15,"Saint_Laurent",NA,5,0.906377,0.031231,1e-05,1e-05,0.062372,"SLE"
"S_20_01775","DL2009_102","SLE","Riviere_Ouelle",2009,7,1,"Saint_Laurent","HL049",5,0.99996,1e-05,1e-05,1e-05,1e-05,"SLE"
"S_20_01781","DL2009_104","SLE","LAnse_au_Loup",2009,7,12,"Terre_Neuve","HL024",5,0.034777,0.516224,0.291736,0.047329,0.109935,"PAN"
"S_20_01783_rep","DL2015_003_F","SLE","Sainte_Flavie",2015,7,17,"Saint_Laurent","HL102",5,0.99996,1e-05,1e-05,1e-05,1e-05,"SLE"
"S_20_01784","IN94_06","SEH","Nastapoka_River",1994,8,NA,"Inukjuak","HL019",5,0.005373,0.546464,0.220884,0.086756,0.140523,"PAN"
"S_20_01785","DL2017_001","SLE","Ile_aux_Basques",2017,5,20,"Saint_Laurent","HL099",5,0.99996,1e-05,1e-05,1e-05,1e-05,"SLE"
"S_20_01787","DL2018_002","SLE","Petit_Matane",2018,7,10,"Saint_Laurent","HL099",5,0.99996,1e-05,1e-05,1e-05,1e-05,"SLE"
"S_20_01788","Dl2017_007","SLE","Grand_Metis",2017,8,1,"Saint_Laurent","HL099",5,0.99996,1e-05,1e-05,1e-05,1e-05,"SLE"
"S_20_01791","IN94_08","SEH","Nastapoka_River",1994,8,NA,"Inukjuak","HL008",5,0.052721,0.529002,0.225738,0.071084,0.121456,"PAN"
"S_20_01792","IN94_01","SEH","Nastapoka_River",1994,8,NA,"Inukjuak","HL009",5,0.044165,0.651144,0.132863,0.056249,0.115579,"PAN"
"S_20_01794","DL2018_105","SLE","Riviere_Ouelle",2018,7,30,"Saint_Laurent","HL010",5,0.99996,1e-05,1e-05,1e-05,1e-05,"SLE"
"S_20_01797","DL2018_004","SLE","Baie_Sainte_Catherine",2018,7,29,"Saint_Laurent","HL099",5,0.99996,1e-05,1e-05,1e-05,1e-05,"SLE"
"S_20_01801","DLN01_14","SEH","Nastapoka_Sound",2001,8,7,"Inukjuak","HL013",5,0.026231,0.567354,0.250882,0.044124,0.111409,"PAN"
"S_20_01803","DLN01_04","SEH","Nastapoka_Sound",2001,8,3,"Inukjuak","HL009",5,0.042454,0.584903,0.226757,0.044417,0.101469,"PAN"
"S_20_01863","SAL_90_1","SEH","Kuujjuarapik",1990,NA,NA,NA,"HL003",5,0.014283,0.648345,0.245498,0.053904,0.037971,"PAN"
"S_20_01864","GW94_15","SEH","Kuujjuarapik",1994,7,25,"Kuujjuaraapik","HL071",5,0.011575,0.042223,1e-05,1e-05,0.946182,"LGR"
"S_20_01865","I_DL_90_8","SEH","Kuujjuarapik",1990,NA,NA,NA,"HL020",5,1e-05,0.061772,0.070951,0.066013,0.801254,"LGR"
"S_20_01866","WA94_01","SHS","Baie_Kangiararjuk",1994,10,19,"Kangiqsujuaq","HL003",5,0.042021,0.599314,0.19694,0.06991,0.091815,"PAN"
"S_20_01873","KUUJJUARAPIK_93_8","SEH","Kuujjuarapik",1993,NA,NA,NA,"HL022",5,0.052405,0.502855,0.348167,0.085029,0.011544,"PAN"
"S_20_01874","TA94_10","UNG","Baie_Ungavatuaq",1994,8,16,"Tasiujaq","HL056",5,0.009505,0.445603,0.369853,0.020426,0.154613,"PAN"
"S_20_01878","TA94_08","UNG","Baie_Ungavatuaq",1994,8,16,"Tasiujaq","HL003",5,0.001743,0.631751,0.304794,0.053635,0.008077,"PAN"
"S_20_01882","WA94_20","SHS","Kangirsuapik",1994,10,17,"Kangiqsujuaq","HL003",5,0.018126,0.587349,0.280419,0.047717,0.066389,"PAN"
"S_20_01883","WA94_10","SHS","Kangirsuapik",1994,10,17,"Kangiqsujuaq","HL003",5,0.016866,0.667324,0.248194,0.046317,0.021298,"PAN"
"S_20_01896","DL99_085","UNG","Aupaluk",1999,7,21,"Aupaluk","HL003",5,0.043538,0.52339,0.271137,0.031966,0.129969,"PAN"
"S_20_01899","DL99_001","SHS","Wales_Island",1999,7,5,"Kangiqsujuaq","HL004",5,0.005369,0.541229,0.295764,0.070753,0.086885,"PAN"
"S_20_01900","DL99_002","SHS","Tupirvikallak",1999,6,18,"Kangiqsujuaq","HL001",5,0.026541,0.458009,0.364462,0.050205,0.100784,"PAN"
"S_20_01904","DL99_083","UNG","Aupaluk",1999,7,2,"Aupaluk","HL008",5,0.04116,0.591939,0.181765,0.037569,0.147568,"PAN"
"S_20_01906","DL99_077","UNG","Aupaluk",1999,7,15,"Aupaluk","HL003",5,0.024274,0.61642,0.190132,0.043345,0.125828,"PAN"
"S_20_01920","DL98_374","SHS","Ivujivik",1999,6,25,"Ivujivik","HL003",5,0.019136,0.545316,0.214055,0.035644,0.185848,"PAN"
"S_20_01933","DL99_088","UNG","Aupaluk",1999,7,2,"Aupaluk","HL003",5,0.010547,0.677024,0.201372,0.017112,0.093945,"PAN"
"S_20_01935","DL99_06","SHS","Baie_Kangiararjuk",1999,7,6,"Kangiqsujuaq","HL011",5,0.020389,0.582427,0.28545,0.025104,0.086629,"PAN"
"S_20_01938","DL99_118","UNG","Tasiujaq",1999,7,15,"Tasiujaq","HL003",5,0.006846,0.60315,0.27455,0.061577,0.053877,"PAN"
"S_20_01939","DL99_110","UNG","Tasiujaq",1999,7,28,"Tasiujaq","HL014",5,0.027258,0.574789,0.234445,0.063114,0.100394,"PAN"
"S_20_01942","DL99_107","UNG","Tasiujaq",1999,7,27,"Tasiujaq","HL001",5,0.021714,0.622813,0.264843,0.008869,0.081761,"PAN"
"S_20_01944","DL99_031","SHS","Quaqtaq",2001,10,19,"Quaqtaq","HL020",5,1e-05,0.002883,1e-05,1e-05,0.997087,"LGR"
"S_20_01947","DL99_038","SHS","Quaqtaq",2001,10,22,"Quaqtaq","HL001",5,0.018048,0.58327,0.212307,0.046084,0.140292,"PAN"
"S_20_01948","DL00154","SEH","Kuujjuarapik",2001,6,13,"Kuujjuaraapik","HL007",5,1e-05,0.056147,1e-05,1e-05,0.943823,"LGR"
"S_20_01949","DL99_025","SHS","Quaqtaq",2001,10,22,"Quaqtaq","HL003",5,0.061063,0.450086,0.453599,1e-05,0.035242,"PAN"
"S_20_01985","DL10_225","UNG","Tasiujaq",2010,7,12,"Tasiujaq","HL003",5,0.0236,0.561611,0.315982,0.061729,0.037077,"PAN"
"S_20_01986","DL10_226","UNG","Tasiujaq",2010,8,12,"Tasiujaq","HL003",5,0.025302,0.542905,0.285809,0.016201,0.129783,"PAN"
"S_20_01991","DL10_254","UNG","Kangiqsualujjuaq",2010,8,16,"Kangiqsualujjuaq","HL003",5,0.050895,0.543141,0.381385,1e-05,0.024569,"PAN"
"S_20_02067","DL17_184","NEH","Akulivik",2017,10,25,"Akulivik","HL002",5,0.011512,1e-05,0.064533,0.033078,0.890867,"LGR"
"S_20_02068","DL17_188","NEH","Akulivik",2017,10,25,"Akulivik","HL049",5,0.028202,0.139245,1e-05,1e-05,0.832533,"LGR"
"S_20_02069","DL17_191","NEH","Akulivik",2017,NA,NA,"Akulivik",NA,5,0.029599,1e-05,0.202558,0.010051,0.757782,"LGR"
"S_20_02070","DL17_197","NEH","Akulivik",2017,10,24,"Akulivik","HL003",5,0.010829,0.573379,0.25233,0.063956,0.099506,"PAN"
"S_20_02083","DL17_242","SEH","Island_Anderson",2017,6,22,"Umiujaq","HL010",5,0.065014,0.517539,0.261194,0.083013,0.07324,"PAN"
"S_20_02100","DL18_186","NEH","Akulivik",2018,10,29,"Akulivik","HL003",5,0.005842,0.604028,0.194203,0.072909,0.123019,"PAN"
"S_20_02102","DL18_192","NEH","Akulivik",2018,10,20,"Akulivik","HL008",5,0.0288,0.670723,0.232758,0.022173,0.045546,"PAN"
"S_20_02103","DL18_214","NEH","Pointe_Qikirtaujaq",2018,10,16,"Puvirnituq","HL020",5,0.010191,0.662842,0.168702,0.050942,0.107323,"PAN"
"S_20_02104","DL18_268","SEH","Kuujjuarapik",2018,7,7,"Kuujjuaraapik","HL009",5,0.029014,0.588025,0.246917,0.060278,0.075766,"PAN"
"S_20_02109","DL18_284","UNG","Tasiujaq",2018,7,14,"Kuujjuaq","HL001",5,0.008833,0.554746,0.259557,0.105891,0.070973,"PAN"
"S_20_02110","DL18_289","UNG","Island_Qulluvik",2018,7,1,"Kuujjuaq","HL068",5,0.057005,0.53619,0.260122,0.068901,0.077781,"PAN"
"S_20_02115","DL18_305","UNG","Islands_Pakkiviit",2018,7,22,"Kuujjuaq","HL003",5,0.061031,0.542007,0.393956,0.002996,1e-05,"PAN"
"S_20_02173","DL_4031","SEH","Umiujaq",2002,6,18,"DFO_MPO","HL010",5,0.034149,0.601083,0.170475,0.080175,0.114118,"PAN"
"S_20_02174","DL_4032","SEH","Little_Whale_River_Qilalugarsiuviup_Kuunga",2002,7,20,"DFO_MPO","HL071",5,0.014274,0.075577,0.024202,0.043376,0.842572,"LGR"
"S_20_02177","DL_4037","SEH","Little_Whale_River_Qilalugarsiuviup_Kuunga",2002,7,28,"DFO_MPO","HL041",5,1e-05,1e-05,0.012286,1e-05,0.987684,"LGR"
"S_20_02178","DL_4038","SEH","Little_Whale_River_Qilalugarsiuviup_Kuunga",2002,7,24,"DFO_MPO","HL071",5,0.019422,0.046544,0.110911,0.01663,0.806493,"LGR"
"S_20_02179","DL_4039","SEH","Little_Whale_River_Qilalugarsiuviup_Kuunga",2002,7,24,"DFO_MPO","HL035",5,1e-05,0.103893,0.073454,0.030791,0.791852,"LGR"
"S_20_02180","DL_4040","SEH","Little_Whale_River_Qilalugarsiuviup_Kuunga",2002,7,19,"DFO_MPO","HL001",5,1e-05,1e-05,1e-05,1e-05,0.99996,"LGR"
"S_20_02182","DL_4058","UNG","Pointe_Tikiraq",2002,6,28,"Aupaluk","HL001",5,0.038951,0.598284,0.164468,0.070649,0.127648,"PAN"
"S_20_02239","DL13_029","SHS","Island_Naujaaraarjuq",2015,6,26,"Kuujjuaq","HL003",5,0.024237,0.596423,0.273417,0.02793,0.077994,"PAN"
"S_20_02240","DL13_030","SHS","Island_Naujaaraarjuq",2015,6,27,"Kuujjuaq","HL003",5,0.049331,0.601074,0.193218,0.046564,0.109813,"PAN"
"S_20_02242","DL13_035","SHS","Island_Naujaaraarjuq",2015,6,27,"Kuujjuaq","HL003",5,0.02996,0.622636,0.204918,0.039242,0.103245,"PAN"
"S_20_02249","DL14_42","SEH","Pointe_Pilavvik",2015,6,12,"Kuujjuaraapik","HL008",5,0.014176,0.040986,1e-05,0.883446,0.061383,"JAM"
"S_20_02252","DL15_037","SHS","Pointe_Arvavik",2015,6,23,"Kuujjuaq","HL043",5,0.032594,0.605571,0.177661,0.052846,0.131328,"PAN"
"S_20_02254","DL15_042","SHS","Island_Naujaaraarjuq",2015,6,23,"Tasiujaq","HL083",5,0.015416,0.58222,0.241687,0.048083,0.112595,"PAN"
"S_20_02255","DL15_044","UNG","Cap_Qalirusiq",2015,7,11,"Tasiujaq","HL001",5,1e-05,0.700307,0.244626,0.055047,1e-05,"PAN"
"S_20_02256","DL15_045","UNG","Tasiujaq",2015,7,27,"Tasiujaq","HL025",5,0.033039,0.592735,0.201453,0.055169,0.117604,"PAN"
"S_20_02257","DL15_050","UNG","Cap_Qalirusiq",2015,7,11,"Tasiujaq","HL001",5,0.052331,0.527729,0.386976,0.032954,1e-05,"PAN"
"S_20_02258","DL15_060","UNG","Baie_Ungavatuaq",2015,7,4,"Tasiujaq","HL003",5,0.03004,0.633757,0.196634,0.053982,0.085586,"PAN"
"S_20_02261","DL15_088","UNG","Pointe_Tikiraq",2015,6,26,"Kangirsuk","HL083",5,1e-05,0.569503,0.174647,0.091283,0.164557,"PAN"
"S_20_02262","DL15_089","UNG","Pointe_Umiannguaq",2015,7,3,"Kangirsuk","HL014",5,0.007048,0.561784,0.293939,0.020581,0.116648,"PAN"
"S_20_02285","DL_5042","SHS","Pointe_Naujaat",2004,6,15,"Quaqtaq","HL003",5,0.014424,0.633261,0.195078,0.072142,0.085096,"PAN"
"S_20_02299","DL_6101","JAM","Long_Island",2004,10,12,"Kuujjuaraapik","HL008",5,1e-05,0.050712,0.083401,0.833674,0.032202,"JAM"
"S_20_02350","DL13_020","UNG","Baie_Ungavatuaq",2018,7,20,"Kangiqsualujjuaq","HL053",5,1e-05,0.590853,0.344024,0.010734,0.054379,"PAN"
"S_20_02352","DL15_072","UNG","Aupaluk",2018,7,17,"Aupaluk","HL003",5,0.015004,0.624266,0.27577,0.02059,0.06437,"PAN"
"S_20_02353","DL15_193","NEH","Akulivik",2018,10,17,"Akulivik","HL112",5,0.017572,0.107893,0.036793,0.014347,0.823395,"LGR"
"S_20_02354","DL15_291","UNG","Kangirsuk",2018,6,28,"Kangirsuk","HL001",5,0.025367,0.623591,0.268547,0.049089,0.033405,"PAN"
"S_20_02355","DL16_035","UNG","Island_Qulluvik",2018,7,9,"Kuujjuaq","HL001",5,0.018112,0.601814,0.247809,0.051583,0.080683,"PAN"
"S_20_02362","DL16_182","NEH","Akulivik",2018,10,20,"Akulivik","HL010",5,0.021033,0.605888,0.237266,0.016598,0.119215,"PAN"
"S_20_02364","DL17_060","UNG","Tasiujaq",2018,7,11,"Tasiujaq","HL001",5,0.016615,0.622013,0.220502,0.087449,0.053421,"PAN"
"S_20_02365","DL17_071","UNG","Aupaluk",2018,7,7,"Aupaluk","HL003",5,0.049361,0.605387,0.22643,1e-05,0.118811,"PAN"
"S_20_02373","DL17_193","NEH","Akulivik",2018,10,20,"Akulivik","HL003",5,0.036532,0.551948,0.285789,0.013873,0.111857,"PAN"
"S_20_02374","DL17_194","NEH","Akulivik",2018,10,20,"Akulivik","HL001",5,0.010083,0.542051,0.269199,0.036764,0.141903,"PAN"
"S_20_02375","DL17_232","SEH","Inukjuak",2018,6,23,"Inukjuak","HL016",5,1e-05,0.544952,0.203597,0.103984,0.147457,"PAN"
"S_20_02380","DL18_041","UNG","Tasiujaq",2018,7,10,"Tasiujaq","HL001",5,0.00859,0.502736,0.351291,0.074387,0.062995,"PAN"
"S_20_02383","DL18_050","UNG","Tasiujaq",2018,7,10,"Tasiujaq","HL001",5,0.04062,0.558895,0.337493,0.049508,0.013484,"PAN"
"S_20_02385","DL18_052","UNG","Cap_Qalirusiq",2018,7,14,"Tasiujaq","HL001",5,0.04728,0.611413,0.230667,0.055764,0.054876,"PAN"
"S_20_02386","DL18_054","UNG","Tasiujaq",2018,7,7,"Tasiujaq","HL017",5,1e-05,0.525677,0.301138,0.067426,0.10575,"PAN"
"S_20_02387","DL18_055","UNG","Cap_Qalirusiq",2018,7,9,"Tasiujaq","HL017",5,0.00013,0.580732,0.344079,0.031758,0.043301,"PAN"
"S_20_02388","DL18_057","UNG","Tasiujaq",2018,7,11,"Tasiujaq","HL001",5,0.031946,0.580452,0.283899,0.068653,0.03505,"PAN"
"S_20_02389","DL18_058","UNG","Cap_Qalirusiq",2018,7,10,"Tasiujaq","HL001",5,0.047234,0.479039,0.34544,0.086478,0.041808,"PAN"
"S_20_02390","DL18_060","UNG","Cap_Qalirusiq",2018,7,13,"Kuujjuaq","HL003",5,0.006119,0.649592,0.287048,0.057192,4.9e-05,"PAN"
"S_20_02391","DL18_069","UNG","Aupaluk",2018,7,7,"Aupaluk","HL001",5,0.041914,0.586323,0.209509,0.077292,0.084962,"PAN"
"S_20_02392","DL18_071","UNG","Island_Qulluvik",2018,7,6,"Aupaluk","HL001",5,1e-05,0.627459,0.242473,0.080335,0.049722,"PAN"
"S_20_02393","DL18_073","UNG","Island_Qulluvik",2018,7,6,"Kuujjuaq","HL060",5,0.036895,0.538537,0.318482,0.032335,0.073751,"PAN"
"S_20_02394","DL18_074","UNG","Island_Qulluvik",2018,7,2,"Aupaluk","HL008",5,0.022538,0.587563,0.252842,0.059003,0.078054,"PAN"
"S_20_02537","unidentified_kangirsuk_2004_1of4","SHS","Camp_Imilimmiut",2004,7,7,"Kangirsuk",NA,5,0.029769,0.691994,0.112643,0.07788,0.087714,"PAN"
"S_20_02539","unidentified_kangirsuk_2004_3of4","SHS","Camp_Imilimmiut",2004,7,7,"Kangirsuk","HL003",5,0.005623,0.5648,0.25159,0.070798,0.107189,"PAN"
"S_20_02540","unidentified_kangirsuk_2004_4of4","SHS","Camp_Imilimmiut",2004,7,7,"Kangirsuk","HL001",5,0.030445,0.522757,0.340829,0.06949,0.03648,"PAN"
"S_20_02582","DL15_077","UNG","Aupaluk",2017,7,23,"Aupaluk","HL003",5,0.016565,0.573042,0.193973,0.071851,0.14457,"PAN"
"S_20_02591","DL16_056","UNG","Tasiujaq",2017,8,5,"Tasiujaq","HL003",5,0.016747,0.556707,0.278779,0.06957,0.078198,"PAN"
"S_20_02608","DL17_040","UNG","Kuujjuaq",2017,7,2,"Kuujjuaq","HL011",5,0.001079,0.630369,0.299172,0.03415,0.035231,"PAN"
"S_20_02609","DL17_042","UNG","Tasiujaq",2017,7,4,"Tasiujaq","HL003",5,1e-05,0.6303,0.245931,0.033017,0.090742,"PAN"
"S_20_02610","DL17_043","UNG","Tasiujaq",2017,9,8,"Tasiujaq","HL003",5,1e-05,0.617573,0.268937,0.035492,0.077988,"PAN"
"S_20_02611","DL17_053","UNG","Tasiujaq",2017,6,29,"Tasiujaq","HL073",5,0.040258,0.535566,0.289352,0.055223,0.079601,"PAN"
"S_20_02612","DL17_055","UNG","Tasiujaq",2017,7,12,"Tasiujaq","HL003",5,0.045702,0.585512,0.187556,0.035398,0.145832,"PAN"
"S_20_02633","DL16_044","UNG","Baie_Ungavatuaq",2016,7,20,"Tasiujaq","HL003",5,0.050492,0.656234,0.211067,0.03728,0.044927,"PAN"
"S_20_02634","DL16_045","UNG","Tasiujaq",2016,7,12,"Tasiujaq","HL003",5,0.036411,0.588386,0.240069,0.04995,0.085183,"PAN"
"S_20_02635","DL16_046","UNG","Baie_Ungavatuaq",2016,7,27,"Tasiujaq","HL004",5,1e-05,0.44607,0.452376,0.045485,0.05606,"PAN"
"S_20_02636","DL16_047","UNG","Tasiujaq",2016,7,12,"Tasiujaq","HL011",5,0.029499,0.628738,0.207199,0.067496,0.067068,"PAN"
"S_20_02659","DL15_248","SEH","Lac_Tasiujaq",2015,NA,NA,"Umiujaq","HL010",5,0.02775,0.561678,0.300376,0.063033,0.047163,"PAN"
"S_20_02664","DL_9030","SEH","Umiujaq",2007,7,16,"Umiujaq","HL001",5,0.003191,0.562087,0.33386,0.027806,0.073056,"PAN"
"S_20_02714","DL_9260","UNG","Kangiqsualujjuaq",2007,7,23,"Kangiqsualujjuaq","HL004",5,0.020848,0.507012,0.290447,0.084182,0.09751,"PAN"
"S_20_02715","DL_9257","UNG","Kangiqsualujjuaq",2007,7,22,"Kangiqsualujjuaq","HL015",5,0.040685,0.571035,0.226889,0.016305,0.145086,"PAN"
"S_20_02726","DL_9211","UNG","Baie_Ungavatuaq",2007,7,17,"Tasiujaq","HL025",5,0.017441,0.609185,0.222368,0.038181,0.112825,"PAN"
"S_20_02727","DL_9170","UNG","Pointe_Tikiraq",2007,6,22,"Kangirsuk","HL003",5,0.035541,0.605271,0.225528,0.04293,0.09073,"PAN"
"S_20_02728","DL_9162","UNG","Pointe_Tikiraq",2007,6,22,"Kangirsuk","HL020",5,0.032218,0.496929,0.326474,0.037007,0.107373,"PAN"
"S_20_02767","DL09_14","SEH","Little_Whale_River_Qilalugarsiuviup_Kuunga",2009,7,22,"Kuujjuaraapik","HL001",5,1e-05,1e-05,1e-05,1e-05,0.99996,"LGR"
"S_20_02808","DL09_124","NEH","Akulivik",2009,5,10,"Akulivik","HL001",5,0.02204,0.509351,0.237314,0.102754,0.128541,"PAN"
"S_20_02809","DL09_128","NEH","Akulivik",2009,5,10,"Akulivik","HL001",5,0.034093,0.507654,0.249565,0.054001,0.154687,"PAN"
"S_20_02848","DL_9272","SEH","Inukjuak",2007,8,11,"Inukjuak","HL016",5,0.023443,0.611579,0.161716,0.08482,0.118442,"PAN"
"S_20_02849","DL_9277","SEH","Baie_Kilualuk",2007,7,24,"Inukjuak","HL009",5,0.023356,0.559863,0.239857,0.07645,0.100474,"PAN"
"S_20_02869","DL15_186","NEH","Akulivik",2015,10,10,"Akulivik","HL002",5,1e-05,1e-05,0.06241,0.056306,0.881264,"LGR"
"S_20_02908","DL18_076","UNG","Island_Qulluvik",2018,7,7,"Aupaluk","HL001",5,0.007193,0.64184,0.246699,0.046016,0.058252,"PAN"
"S_20_02910","DL18_078","UNG","Island_Qulluvik",2018,7,2,"Aupaluk","HL008",5,0.040619,0.641072,0.279774,0.026029,0.012506,"PAN"
"S_20_02911","DL18_084","UNG","Island_Qulluvik",2018,6,29,"Kangirsuk","HL001",5,0.051792,0.545309,0.313781,0.053526,0.035592,"PAN"
"S_20_02912","DL18_087","UNG","Island_Qulluvik",2018,6,24,"Kangirsuk",NA,5,0.030658,0.525547,0.359624,0.000254,0.083917,"PAN"
"S_20_02916","DL18_097","UNG","Island_Qulluvik",2018,6,29,"Kangirsuk","HL001",5,0.017,0.674269,0.241757,0.047393,0.01958,"PAN"
"S_20_02917","DL18_099","UNG","Island_Qulluvik",2018,6,24,"Kangirsuk","HL003",5,0.010246,0.572563,0.209781,0.055972,0.151438,"PAN"
"S_20_02957","DL98_569","SEH","Little_Whale_River_Qilalugarsiuviup_Kuunga",1998,8,5,"Kuujjuaraapik","HL077",5,0.046979,0.607609,0.19551,1e-05,0.149892,"PAN"
"S_20_02958","DL98_547","SEH","Nastapoka_River",1998,8,9,"Inukjuak","HL013",5,0.030246,0.785482,0.022689,0.057346,0.104237,"PAN"
"S_20_02959","DL98_566","SEH","Kuujjuarapik",1998,8,11,"Kuujjuaraapik","HL041",5,0.011102,0.091643,0.064261,1e-05,0.832984,"LGR"
"S_20_02961","DL98_564","SEH","Little_Whale_River_Qilalugarsiuviup_Kuunga",1998,8,5,"Kuujjuaraapik","HL063",5,0.00716,0.744644,0.070541,0.058564,0.119091,"PAN"
"S_20_02963","DL99_156","SEH","Nastapoka_Sound",1999,8,3,"Inukjuak","HL018",5,1e-05,0.62906,0.211502,0.086672,0.072757,"PAN"
"S_20_02964","DL99_157","SEH","Nastapoka_Sound",1999,8,3,"Inukjuak","HL019",5,0.050452,0.592378,0.169773,0.113539,0.073858,"PAN"
"S_20_02965","DL99_158","SEH","Nastapoka_Sound",1999,8,3,"Inukjuak","HL013",5,0.042852,0.768756,0.044723,0.051832,0.091838,"PAN"
"S_20_02966","DL99_160","SEH","Nastapoka_Sound",1999,8,3,"Inukjuak","HL009",5,0.016228,0.62477,0.197559,0.042572,0.118872,"PAN"
"S_20_03001","DL98_567","SEH","Kuujjuarapik",1998,8,NA,"Kuujjuaraapik","HL001",5,0.016616,1e-05,0.072653,0.010367,0.900353,"LGR"
"S_20_03026","DL_3131","SEH","Little_Whale_River_Qilalugarsiuviup_Kuunga",2001,8,1,"Kuujjuaraapik","HL007",5,0.022788,0.07053,0.046848,0.011483,0.848351,"LGR"
"S_20_03027","DL_3132","SEH","Little_Whale_River_Qilalugarsiuviup_Kuunga",2001,8,4,"Kuujjuaraapik","HL002",5,0.03186,0.030849,1e-05,1e-05,0.93727,"LGR"
"S_20_03028","DL_3134","SEH","Little_Whale_River_Qilalugarsiuviup_Kuunga",2001,8,4,"Kuujjuaraapik","HL001",5,0.002273,1e-05,1e-05,1e-05,0.997697,"LGR"
"S_20_03033","DLN01_03","SEH","Nastapoka_Sound",2001,8,1,"Inukjuak","HL008",5,0.020307,0.598852,0.199144,0.089905,0.091791,"PAN"
"S_20_03034","DLN01_05","SEH","Nastapoka_Sound",2001,8,3,"Inukjuak","HL009",5,0.034561,0.598439,0.229778,0.02594,0.111282,"PAN"
"S_20_03035","DLN01_06","SEH","Nastapoka_Sound",2001,8,3,"Inukjuak","HL103",5,0.024136,0.604915,0.246777,0.056511,0.067661,"PAN"
"S_20_03036","DLN01_07","SEH","Nastapoka_Sound",2001,8,3,"Inukjuak","HL009",5,0.025776,0.583779,0.249536,0.034573,0.106337,"PAN"
"S_20_03037","DLN01_08","SEH","Nastapoka_Sound",2001,8,3,"Inukjuak","HL009",5,0.026665,0.585912,0.256081,0.067508,0.063834,"PAN"
"S_20_03039","DL_3092","UNG","Qarmait",2001,6,20,"Kangirsuk","HL073",5,0.045764,0.58476,0.298861,0.020041,0.050574,"PAN"
"S_20_03054","DL09_177","SEH","Umiujaq",2010,6,1,"Umiujaq","HL026",5,0.021547,0.504642,0.307664,0.101862,0.064286,"PAN"
"S_20_03055","DL09_178","SEH","Umiujaq",2010,10,1,"Umiujaq","HL001",5,0.005441,0.546939,0.30762,0.061931,0.078068,"PAN"
"S_20_03056","DL09_179","SEH","Umiujaq",2010,6,1,"Umiujaq","HL001",5,0.064668,0.363299,0.377389,0.04696,0.147684,"PAN"
"S_20_03083","DL97_103","SEH","Inukjuak",1997,8,4,"Inukjuak","HL010",5,0.016421,0.613168,0.123066,0.083214,0.164131,"PAN"
"S_20_03084","DL97_106","SEH",NA,1997,8,5,"Inukjuak","HL009",5,0.018444,0.649788,0.216653,0.038914,0.076202,"PAN"
"S_20_03085","DL97_112","SEH","Inukjuak",1997,NA,NA,"Inukjuak",NA,5,0.006437,0.102707,0.032371,1e-05,0.858475,"LGR"
"S_20_03086","DL97_114","SEH","Nastapoka_Sound",1997,8,4,"Inukjuak","HL009",5,0.032259,0.595518,0.232218,0.059382,0.080623,"PAN"
"S_20_03087","DL97_115","SEH","Inukjuak",1997,8,5,"Inukjuak","HL123",5,0.023741,0.042229,0.007735,0.009557,0.916738,"LGR"
"S_20_03088","DL97_116","SEH","Inukjuak",1997,8,4,"Inukjuak","HL009",5,0.046404,0.613851,0.263953,0.020914,0.054878,"PAN"
"S_20_03090","DL97_123","SEH","Inukjuak",1997,8,4,"Inukjuak","HL009",5,0.021079,0.626352,0.170805,0.040724,0.141039,"PAN"
"S_20_03091","DL97_125","SEH","Nastapoka_River",1997,8,5,"Inukjuak","HL009",5,0.033403,0.520376,0.210337,0.092833,0.143051,"PAN"
"S_20_03092","DL97_128","UNG","Baie_Qirnituup",1997,7,12,"Kangirsuk","HL003",5,0.023922,0.543335,0.303127,0.06139,0.068226,"PAN"
"S_20_03095","DL97_133","UNG","Baie_Qirnituup",1997,7,7,"Kangirsuk","HL001",5,0.018176,0.556072,0.24695,0.069877,0.108925,"PAN"
"S_20_03096","DL97_148","UNG","Baie_Qirnituup",1997,7,7,"Kangirsuk","HL004",5,0.014146,0.557834,0.318905,0.024103,0.085013,"PAN"
"S_20_03098","DL97_263","SEH","Umiujaq",1997,NA,NA,"Umiujaq",NA,5,0.014159,0.674128,0.115584,0.092193,0.103936,"PAN"
"S_20_03100","DL97_273","SEH","Umiujaq",1997,NA,NA,"Umiujaq",NA,5,0.034965,0.745621,0.04995,0.044634,0.124829,"PAN"
"S_20_03102","DL97_291","SEH","Kuujjuarapik",1997,9,12,"Kuujjuaraapik","HL008",5,1e-05,0.101102,1e-05,0.898868,1e-05,"JAM"
"S_20_03106","DL97_295","SEH","Kuujjuarapik",1997,9,12,"Kuujjuaraapik","HL008",5,0.015689,1e-05,1e-05,0.984281,1e-05,"JAM"
"S_20_03118","DL97_333","UNG","Kuujjuaq",1997,7,26,"Kuujjuaq","HL012",5,0.016949,0.609795,0.242191,0.034905,0.09616,"PAN"
"S_20_03180","DLN01_10","SEH","Nastapoka_Sound",2001,8,4,"Inukjuak","HL019",5,0.059125,0.787866,1e-05,0.031962,0.121037,"PAN"
"S_20_03181","DLN01_12","SEH","Nastapoka_Sound",2001,8,7,"Inukjuak","HL103",5,0.030892,0.704177,0.068174,0.049293,0.147463,"PAN"
"S_20_03182","DLN01_13","SEH","Nastapoka_Sound",2001,8,7,"Inukjuak","HL019",5,0.030048,0.684219,0.047301,0.074097,0.164335,"PAN"
"S_20_03183","NA2000_01","SEH","Nastapoka_River",2000,8,10,"Umiujaq","HL016",5,0.019124,0.598031,0.232385,0.020111,0.13035,"PAN"
"S_20_03185","NA2000_03","SEH","Nastapoka_River",2000,8,10,"Umiujaq","HL016",5,0.058735,0.477217,0.254118,0.051506,0.158425,"PAN"
"S_20_03186","NA2000_04","SEH","Nastapoka_River",2000,8,10,"Umiujaq","HL010",5,0.026999,0.633453,0.167693,0.016737,0.155119,"PAN"
"S_20_03195","DL98_538","UNG","Kuujjuaq",1998,7,11,"Kuujjuaq","HL003",5,0.016279,0.576405,0.308166,0.059048,0.040102,"PAN"
"S_20_03197","DL98_343","SEH","Kuujjuarapik",1998,8,11,"Kuujjuaraapik","HL041",5,1e-05,1e-05,1e-05,1e-05,0.99996,"LGR"
"S_20_03202","DL98_351","SEH","Kuujjuarapik",1998,7,17,"Kuujjuaraapik","HL050",5,0.009306,0.067255,0.123746,0.00745,0.792244,"LGR"
"S_20_03203","DL98_499","NEH","Puvirnituq",1998,10,16,"Puvirnituq","HL004",5,0.026312,0.5876,0.229988,0.042795,0.113305,"PAN"
"S_20_03207","DL98_505","SEH","Nastapoka_Sound",1998,8,9,"Inukjuak","HL009",5,0.04907,0.559993,0.288074,0.045291,0.057572,"PAN"
"S_20_03210","DL98_392","NEH","Puvirnituq",1998,10,16,"Puvirnituq","HL001",5,0.03858,0.624422,0.125911,0.048143,0.162945,"PAN"
"S_20_03212","DL98_395","NEH","Puvirnituq",1998,10,16,"Puvirnituq","HL001",5,0.033284,0.603913,0.252121,0.066023,0.044659,"PAN"
"S_20_03218","DL98_368","SEH","Kuujjuarapik",1998,7,17,"Kuujjuaraapik","HL016",5,0.019602,0.366665,0.195372,0.039206,0.379154,"PAN"
"S_20_03229","DL98_507","SEH","Nastapoka_River",1998,8,1,"Inukjuak","HL019",5,0.02882,0.540195,0.208005,0.051711,0.171269,"PAN"
"S_20_03230","DL98_513","SEH","Kuujjuarapik",1998,8,11,"Kuujjuaraapik","HL041",5,1e-05,1e-05,1e-05,0.02011,0.97986,"LGR"
"S_20_03231","DL98_504","SEH","Nastapoka_River",1998,8,9,"Inukjuak","HL009",5,0.047767,0.642243,0.151187,0.074888,0.083914,"PAN"
"S_20_03339","DL_5207","NEH","Puvirnituq",2007,10,16,"Puvirnituq","HL001",5,1e-05,1e-05,1e-05,1e-05,0.99996,"LGR"
"S_20_03340","DL_5211","NEH","Puvirnituq",2007,10,16,"Puvirnituq","HL001",5,0.027729,0.038871,0.182096,0.012806,0.738498,"LGR"
"S_20_03341","DL_6072","NEH","Puvirnituq",2007,10,16,"Puvirnituq","HL014",5,0.021246,0.590536,0.244325,0.066096,0.077797,"PAN"
"S_20_03342","DL_6073","NEH","Puvirnituq",2007,10,16,"Puvirnituq","HL002",5,1e-05,1e-05,0.101653,1e-05,0.898317,"LGR"
"S_20_03343","DL_6074","NEH","Puvirnituq",2007,10,16,"Puvirnituq","HL001",5,0.013667,0.134775,0.006007,0.020875,0.824677,"LGR"
"S_20_03344","DL_6075","NEH","Puvirnituq",2007,10,16,"Puvirnituq","HL002",5,1e-05,1e-05,0.025017,1e-05,0.974953,"LGR"
"S_20_03345","DL_8152","SEH","Lac_Tasiujaq",2008,6,26,"Umiujaq","HL010",5,0.051681,0.811558,0.000667,0.043073,0.093022,"PAN"
"S_20_03419","DL15_DART_055","SEH",NA,2016,8,14,"Inukjuak","HL009",5,0.017473,0.59871,0.273497,0.025156,0.085163,"PAN"
"S_20_03446","DL2009JB_03","JAM","Pointe_de_Repentigny_James_Bay",2009,7,31,"DFO_MPO","HL008",5,1e-05,5.4e-05,0.023751,0.956092,0.020093,"JAM"
"S_20_03447","DL2009JB_04","JAM","Pointe_de_Repentigny_James_Bay",2009,8,1,"DFO_MPO","HL008",5,1e-05,1e-05,1e-05,0.99996,1e-05,"JAM"
"S_20_03448","DL2009JB_05","JAM","Pointe_de_Repentigny_James_Bay",2009,8,9,"DFO_MPO","HL008",5,1e-05,1e-05,1e-05,0.99996,1e-05,"JAM"
"S_20_03449","DL2009JB_06","JAM","Pointe_de_Repentigny_James_Bay",2009,8,9,"DFO_MPO","HL008",5,1e-05,1e-05,1e-05,0.99996,1e-05,"JAM"
"S_20_03450","DL2008_JB_01","JAM","Pointe_de_Repentigny_James_Bay",2008,8,4,"DFO_MPO","HL008",5,1e-05,1e-05,1e-05,0.99996,1e-05,"JAM"
"S_20_03451","DL2008_JB_02","JAM","Pointe_de_Repentigny_James_Bay",2008,8,6,"DFO_MPO","HL008",5,1e-05,1e-05,1e-05,0.99996,1e-05,"JAM"
"S_20_03452","DL2008_JB_03","JAM","Pointe_de_Repentigny_James_Bay",2008,8,8,"DFO_MPO","HL008",5,1e-05,1e-05,1e-05,0.99996,1e-05,"JAM"
"S_20_03453","DL2008_JB_04","JAM","Pointe_de_Repentigny_James_Bay",2008,8,8,"DFO_MPO","HL008",5,0.00085,1e-05,0.053212,0.924717,0.021211,"JAM"
"S_20_03454","DL2008_JB_05","JAM","Pointe_de_Repentigny_James_Bay",2008,8,8,"DFO_MPO","HL008",5,0.001118,1e-05,0.039553,0.959309,1e-05,"JAM"
"S_20_03455","DL2008_JB_07","JAM","Pointe_de_Repentigny_James_Bay",2008,8,16,"DFO_MPO","HL008",5,0.040845,1e-05,1e-05,0.959125,1e-05,"JAM"
"S_20_03476_rep","DL2011_002_F","SLE","Rimouski_est",2011,5,19,"Saint_Laurent","HL008",5,0.034928,0.547966,0.274331,0.035385,0.10739,"PAN"
"S_20_03478","DL2010_007_F","SLE","Sainte_Flavie",2010,7,31,"Saint_Laurent","HL099",5,0.99996,1e-05,1e-05,1e-05,1e-05,"SLE"
"S_20_03480","DL2010_008_F","SLE","Sainte_Flavie",2010,8,29,"Saint_Laurent","HL099",5,0.99996,1e-05,1e-05,1e-05,1e-05,"SLE"
"S_20_03481","DL2000_002_B","SLE","Tadoussac",2000,7,26,"Saint_Laurent","HL099",5,0.99996,1e-05,1e-05,1e-05,1e-05,"SLE"
"S_20_03482","DL2000_002_F","SLE","Tadoussac",2000,7,26,"Saint_Laurent","HL099",5,0.99996,1e-05,1e-05,1e-05,1e-05,"SLE"
"S_20_03486","B92_47","NHS","Lake_Harbour_Kimmirut",1992,5,28,"Kimmirut","HL011",5,0.008136,0.546487,0.280807,0.035165,0.129405,"PAN"
"S_20_03506","ARNR_04_05","SWH","Nelson_River",2004,7,27,"Churchill","HL003",5,0.018141,0.628212,0.222906,0.062084,0.068657,"PAN"
"S_20_03507","JBDL_07_03","JAM","Pointe_de_Repentigny",2007,8,14,"DFO_MPO","HL008",5,1e-05,1e-05,1e-05,0.99996,1e-05,"JAM"
"S_20_03508","PTT_10215","NWH","Churchill",1992,7,4,"Churchill","HL041",5,0.005639,0.559152,0.266644,0.049754,0.118811,"PAN"
"S_20_03509","ARPG_07_01","CSB","Pangnirtung",2007,7,12,"Pangnirtung","HL040",5,1e-05,1e-05,0.99996,1e-05,1e-05,"CSB"
"S_20_03510","ARPG_07_02","CSB","Pangnirtung",2007,7,12,"Pangnirtung","HL057",5,1e-05,1e-05,0.99996,1e-05,1e-05,"CSB"
"S_20_03512","ARCHL_15_128164","NWH","Churchill",2015,7,14,"Churchill","HL001",5,0.038949,0.388225,0.329971,0.160749,0.082105,"PAN"
"S_20_03514","ARCHL_15_128165","NWH","Churchill",2015,7,11,"Churchill","HL001",5,0.036845,0.381341,0.309396,0.157811,0.114607,"PAN"
"S_20_03515","ARCHL_15_128157","NWH","Churchill",2015,7,12,"Churchill",NA,5,0.044688,0.323072,0.459322,0.084302,0.088616,"PAN"
"S_20_03516","ARCHL_15_128155","NWH","Churchill",2015,7,14,"Churchill","HL026",5,0.038416,0.352588,0.371192,0.119117,0.118687,"PAN"
"S_20_03517","ARCHL_15_128160","NWH","Churchill",2015,8,8,"Churchill","HL001",5,0.036253,0.414319,0.287253,0.153565,0.108611,"PAN"
"S_20_03519","ARCHL_15_128158","NWH","Churchill",2015,7,10,"Churchill","HL001",5,0.030443,0.34571,0.344965,0.168817,0.110065,"PAN"
"S_20_03520","ARCHL_15_128162","NWH","Churchill",2015,7,10,"Churchill","HL026",5,0.054958,0.368495,0.391535,0.140631,0.044381,"PAN"
"S_20_03521","ARCHL_15_128156","NWH","Churchill",2015,7,14,"Churchill","HL003",5,0.020319,0.397665,0.351838,0.169921,0.060257,"PAN"
"S_20_03522","PGDL_02_05","CSB","Pangnirtung_West_Cumberland_Sound",2002,7,NA,"Pangnirtung","HL003",5,0.012128,0.105592,0.810045,0.01566,0.056575,"CSB"
"S_20_03525","UM94_15","SEH","Nastapoka_River",1994,8,16,"Inukjuak","HL049",5,0.019474,0.56858,0.291999,0.02973,0.090217,"PAN"
"S_20_03527","DL_9270","SEH","Baie_Kilualuk",2007,8,5,"Inukjuak","HL001",5,0.014875,0.697781,0.164905,0.022314,0.100125,"PAN"
"S_20_03528","DL10_64","SEH","Inukjuak",2010,7,NA,"Inukjuak","HL103",5,0.024231,0.608496,0.23761,0.06677,0.062892,"PAN"
"S_20_03572","B91_17","FRB","Iqaluit",1991,7,23,"Iqaluit","HL003",5,0.011349,0.60131,0.250042,0.030077,0.107222,"PAN"
"S_20_03573","B_92_66_IQ","FRB","Iqaluit",1992,6,8,"Iqaluit","HL003",5,0.025185,0.551259,0.269199,0.068666,0.08569,"PAN"
"S_20_03577","LH_26","NHS","Kimmirut",1989,7,10,"Kimmirut","HL003",5,0.007563,0.550036,0.256934,0.058257,0.12721,"PAN"
"S_20_03582","B91_18","FRB","Iqaluit",1991,7,15,"Iqaluit","HL011",5,0.019475,0.650973,0.244116,0.023283,0.062154,"PAN"
"S_20_03583","B_92_71_IQ","FRB","Iqaluit",1992,6,19,"Iqaluit","HL012",5,0.03411,0.657394,0.169802,0.024835,0.113859,"PAN"
"S_20_03585","B92_LH_49","NHS","Lake_Harbour_Kimmirut",1992,10,11,"Kimmirut","HL011",5,0.020191,0.714443,0.144614,0.045447,0.075305,"PAN"
"S_20_03586","LH_14","NHS","Kimmirut",1989,6,24,"Kimmirut","HL003",5,0.019322,0.640653,0.181044,0.072283,0.086698,"PAN"
"S_20_03587","LH_4","NHS","Kimmirut",1992,10,11,"Kimmirut","HL015",5,0.020543,0.618733,0.186296,0.039754,0.134675,"PAN"
"S_20_03588","LH_B91_06","NHS","Kimmirut",1991,11,7,"Kimmirut","HL003",5,0.043837,0.37673,0.442866,0.052757,0.08381,"PAN"
"S_20_03590","B_92_105_IQ","FRB","Iqaluit",1992,7,30,"Iqaluit","HL003",5,1e-05,0.625546,0.187884,0.021893,0.164666,"PAN"
"S_20_03591","B_92_78_IQ","FRB","Iqaluit",1992,7,3,"Iqaluit","HL001",5,0.026497,0.462648,0.326736,0.03083,0.153289,"PAN"
"S_20_03592","B_92_96_IQ","FRB","Iqaluit",1992,8,25,"Iqaluit","HL001",5,0.045421,0.482177,0.359804,0.029118,0.08348,"PAN"
"S_20_03593","B92_LH_50","NHS","Lake_Harbour_Kimmirut",1992,10,11,"Kimmirut","HL012",5,0.015921,0.648814,0.29096,0.008717,0.035589,"PAN"
"S_20_03595","LH_5","NHS","Kimmirut",1992,10,11,"Kimmirut","HL003",5,0.007747,0.647249,0.237789,0.028447,0.078769,"PAN"
"S_20_03598","B_92_81_IQ","FRB","Iqaluit",1992,7,3,"Iqaluit","HL056",5,0.025303,0.539679,0.299593,0.03075,0.104674,"PAN"
"S_20_03599","B92_LH_52","NHS","Lake_Harbour_Kimmirut",1992,10,17,"Kimmirut","HL053",5,1e-05,0.579124,0.238529,0.069659,0.112678,"PAN"
"S_20_03600","LH_18","NHS","Kimmirut",1989,6,24,"Kimmirut","HL003",5,0.022625,0.617191,0.202444,0.057994,0.099746,"PAN"
"S_20_03601","LH_7","NHS","Kimmirut",1989,6,24,"Kimmirut","HL053",5,0.025674,0.60722,0.236558,0.024244,0.106305,"PAN"
"S_20_03605","B_92_59_IQ","FRB","Iqaluit",1992,6,5,"Iqaluit","HL012",5,0.0229,0.500081,0.316051,0.076176,0.084792,"PAN"
"S_20_03606","B_92_87_IQ","FRB","Iqaluit",1992,6,14,"Iqaluit","HL003",5,0.037515,0.528164,0.298413,0.064134,0.071775,"PAN"
"S_20_03607","LH_2","NHS","Kimmirut",1991,11,7,"Kimmirut","HL012",5,0.056132,0.552748,0.239292,0.04471,0.107118,"PAN"
"S_20_03608","LH_90_X_90_04","NHS","Kimmirut",1990,7,17,"Kimmirut","HL049",5,0.01676,0.05829,0.107293,0.060577,0.757079,"LGR"
"S_20_03613","B_92_60_IQ","FRB","Iqaluit",1992,6,5,"Iqaluit","HL012",5,0.040186,0.599029,0.257026,0.021215,0.082544,"PAN"
"S_20_03614","B_92_88_IQ","FRB","Iqaluit",1992,6,9,"Iqaluit","HL003",5,1e-05,0.639606,0.274471,0.033177,0.052737,"PAN"
"S_20_03617","LH_22","NHS","Kimmirut",1989,7,13,"Kimmirut","HL003",5,0.020978,0.557527,0.261675,0.040255,0.119565,"PAN"
"S_20_03618","LH_90_X_90_05","NHS","Kimmirut",1990,7,10,"Kimmirut","HL056",5,0.026236,0.512846,0.293777,0.071602,0.095539,"PAN"
"S_20_03623","B_92_61_IQ","FRB","Iqaluit",1992,6,4,"Iqaluit","HL011",5,0.046526,0.545657,0.356776,1e-05,0.051031,"PAN"
"S_20_03625","B92_LH_39","NHS","Lake_Harbour_Kimmirut",1992,10,9,"Kimmirut","HL012",5,0.049151,0.453217,0.365394,0.045449,0.086788,"PAN"
"S_20_03626","B92_LH_54","NHS","Lake_Harbour_Kimmirut",1992,10,11,"Kimmirut","HL012",5,0.011865,0.621771,0.222506,0.058357,0.085501,"PAN"
"S_20_03627","LH_24","NHS","Kimmirut",1989,7,1,"Kimmirut","HL001",5,0.030659,0.478986,0.310878,0.061521,0.117956,"PAN"
"S_20_03628","LH_B91_01","NHS","Kimmirut",1991,10,17,"Kimmirut","HL012",5,0.032493,0.526671,0.311053,0.024497,0.105287,"PAN"
"S_20_03630","B91_14","FRB","Iqaluit",1991,7,7,"Iqaluit","HL003",5,0.024108,0.545963,0.242789,0.082706,0.104434,"PAN"
"S_20_03631","B_92_63_IQ","FRB","Iqaluit",1992,7,3,"Iqaluit","HL001",5,0.046435,0.49809,0.304462,0.043319,0.107695,"PAN"
"S_20_03632","B_92_90_IQ","FRB","Iqaluit",1992,6,19,"Iqaluit","HL001",5,1e-05,1e-05,0.99996,1e-05,1e-05,"CSB"
"S_20_03633","B92_LH_40","NHS","Lake_Harbour_Kimmirut",1992,10,11,"Kimmirut","HL012",5,0.010249,0.623338,0.243441,0.033024,0.089948,"PAN"
"S_20_03634","B92_LH_55","NHS","Lake_Harbour_Kimmirut",1992,10,11,"Kimmirut","HL003",5,0.023843,0.749733,0.080858,0.060725,0.084841,"PAN"
"S_20_03636","LH_B91_03","NHS","Kimmirut",1991,10,17,"Kimmirut","HL015",5,0.026487,0.668803,0.266573,1e-05,0.038127,"PAN"
"S_20_03649","DL99_27EDC","NEH","Akulivik",1999,10,19,"Akulivik","HL035",5,0.005987,0.547996,0.240674,0.031037,0.174306,"PAN"
"S_20_03652","ARSQ_04_07_01","BEL","Sanikiluaq",2004,5,19,"Sanikiluaq","HL068",5,0.021437,0.038677,0.015483,0.923315,0.001088,"JAM"
"S_20_03655","DL17_244","SEH","Island_Anderson",2017,6,22,"Umiujaq","HL010",5,0.020513,0.588872,0.21089,0.09189,0.087835,"PAN"
"S_20_03656","DL17_261","SEH","Kuujjuarapik",2017,6,15,"Kuujjuaraapik","HL008",5,1e-05,1e-05,1e-05,0.99996,1e-05,"JAM"
"S_20_03658","DLN01_11","SEH","Nastapoka_Sound",2001,8,4,"Inukjuak","HL019",5,0.025581,0.833881,1e-05,1e-05,0.140518,"PAN"
"S_20_03664","DL2009_004","SLE","Matane",2009,9,3,"Saint_Laurent","HL099",5,0.99996,1e-05,1e-05,1e-05,1e-05,"SLE"
"S_20_03665_rep","DL2011_005_F","SLE","Les_Boules",2011,8,9,"Saint_Laurent","HL099",5,0.99996,1e-05,1e-05,1e-05,1e-05,"SLE"
