"ID_GQ","Q1","Q2","Q3","Q4","K","Region1","Location","Year","Month","Day","Membership.pan","Season"
"S_20_00603",1e-05,1e-05,0.99998,NA,3,"NWH","Arviat",2003,8,NA,"BEL-WHB","Summer"
"S_20_00604",0.420674,0.06552,0.513806,NA,3,"NWH","Arviat",2003,8,NA,"BEL-WHB","Summer"
"S_20_00605",0.707129,0.07517,0.217702,NA,3,"NWH","Arviat",2003,8,NA,"PAN","Summer"
"S_20_00606",0.157073,0.030677,0.81225,NA,3,"NWH","Arviat",2003,8,17,"BEL-WHB","Summer"
"S_20_00607",0.612003,0.114959,0.273038,NA,3,"NWH","Arviat",2003,8,17,"PAN","Summer"
"S_20_00608",0.630563,0.082853,0.286584,NA,3,"NWH","Arviat",2003,8,NA,"PAN","Summer"
"S_20_00609",0.554781,0.122762,0.322457,NA,3,"NWH","Arviat",2003,8,17,"PAN","Summer"
"S_20_00610",0.405986,1e-05,0.594004,NA,3,"NWH","Arviat",2003,8,NA,"BEL-WHB","Summer"
"S_20_00611",0.154725,0.185216,0.660059,NA,3,"NWH","Arviat",2003,8,9,"BEL-WHB","Summer"
"S_20_00614",0.411874,0.023355,0.564772,NA,3,"NWH","Arviat",2003,8,14,"BEL-WHB","Summer"
"S_20_00615",0.180207,0.141644,0.678148,NA,3,"NWH","Arviat",2003,8,9,"BEL-WHB","Summer"
"S_20_00616",0.091394,0.037072,0.871534,NA,3,"NWH","Arviat",2003,8,14,"BEL-WHB","Summer"
"S_20_00617",0.435245,0.077153,0.487602,NA,3,"NWH","Arviat",2003,8,13,"PAN","Summer"
"S_20_00618",0.314705,0.024085,0.66121,NA,3,"NWH","Arviat",2003,8,17,"BEL-WHB","Summer"
"S_20_00625",0.284276,0.088688,0.627037,NA,3,"BEL","Sanikiluaq",2003,7,NA,"BEL-WHB","Summer"
"S_20_00626_rep",0.291688,0.384607,0.323704,NA,3,"BEL","Sanikiluaq",2003,7,8,"PAN","Summer"
"S_20_00627",0.2694,0.100366,0.630234,NA,3,"BEL","Wiegand_Island",2003,7,7,"BEL-WHB","Summer"
"S_20_00628",0.279929,0.09341,0.626661,NA,3,"BEL","Wiegand_Island",2003,7,7,"BEL-WHB","Summer"
"S_20_00629",0.59667,0.151704,0.251626,NA,3,"SWH","Nelson_River",2004,7,24,"PAN","Summer"
"S_20_00630",0.349921,0.130788,0.519291,NA,3,"SWH","Nelson_River",2004,7,25,"BEL-WHB","Summer"
"S_20_00632",0.619725,0.090575,0.289701,NA,3,"SWH","Nelson_River",2004,7,27,"PAN","Summer"
"S_20_00633",0.212507,0.142981,0.644513,NA,3,"SWH","Nelson_River",2005,7,30,"BEL-WHB","Summer"
"S_20_00635",0.580025,0.118679,0.301296,NA,3,"SHS","Kangiqsujuaq",2004,7,22,"PAN","Summer"
"S_20_00636",0.645982,0.117133,0.236885,NA,3,"SHS","Falaise_Innijuaq",2004,7,2,"PAN","Summer"
"S_20_00638",0.686195,0.076096,0.237709,NA,3,"SHS","Falaise_Innijuaq",2004,7,1,"PAN","Summer"
"S_20_00639",0.612507,0.100966,0.286527,NA,3,"SHS","Baie_Nanuttuvik",2004,6,30,"PAN","Spring"
"S_20_00640",0.657697,0.038845,0.303458,NA,3,"SHS","Salluit_Fjord",2004,6,30,"PAN","Spring"
"S_20_00642",0.622716,0.134997,0.242287,NA,3,"NHB","Coral_Harbour",1993,7,25,"PAN","Summer"
"S_20_00643",0.675184,0.06783,0.256985,NA,3,"NHB","Coral_Harbour",1993,7,27,"PAN","Summer"
"S_20_00644",0.709898,0.089728,0.200374,NA,3,"NHB","Coral_Harbour",1993,7,26,"PAN","Summer"
"S_20_00645",0.701641,0.049691,0.248668,NA,3,"NHB","Coral_Harbour",1993,7,26,"PAN","Summer"
"S_20_00646_rep",0.702396,0.074307,0.223297,NA,3,"UNG","Anse_Inussujuaq_Misaqvik",2001,7,20,"PAN","Summer"
"S_20_00647_rep",0.756054,0.077236,0.16671,NA,3,"UNG","Anse_Inussujuaq_Misaqvik",2001,7,19,"PAN","Summer"
"S_20_00649",0.856385,0.138877,0.004738,NA,3,"UNG","Aupaluk",2001,7,5,"PAN","Summer"
"S_20_00650",0.634193,0.166845,0.198962,NA,3,"UNG","Aupaluk",2001,7,5,"PAN","Summer"
"S_20_00652",0.349519,0.210237,0.440244,NA,3,"SEH","Little_Whale_River_Qilalugarsiuviup_Kuunga",2003,7,23,"PAN","Summer"
"S_20_00653",0.538696,0.157147,0.304156,NA,3,"SEH","Little_Whale_River_Qilalugarsiuviup_Kuunga",2003,7,27,"PAN","Summer"
"S_20_00654",0.21438,0.196949,0.588671,NA,3,"NWH","Arviat_west of McConnel River",1999,8,11,"BEL-WHB","Summer"
"S_20_00656",1e-05,1e-05,0.99998,NA,3,"NWH","Arviat",1999,8,11,"BEL-WHB","Summer"
"S_20_00658",1e-05,1e-05,0.99998,NA,3,"NWH","Arviat_McConnel River",1999,8,11,"BEL-WHB","Summer"
"S_20_00660",0.705615,0.085022,0.209363,NA,3,"CSB","Pangnirtung",2005,8,3,"PAN","Summer"
"S_20_00664",0.683634,0.12213,0.194237,NA,3,"CSB","Pangnirtung_Bon_Accord",2005,8,4,"PAN","Summer"
"S_20_00665",0.870789,0.050546,0.078666,NA,3,"CSB","Pangnirtung_Imilit",2006,6,30,"PAN","Spring"
"S_20_00676",0.297166,0.045937,0.656897,NA,3,"NWH","Churchill",1992,7,5,"BEL-WHB","Summer"
"S_20_00678",0.214102,0.130123,0.655776,NA,3,"NWH","Churchill",1992,7,4,"BEL-WHB","Summer"
"S_20_00681",1e-05,1e-05,0.99998,NA,3,"NWH","Arviat_McConnel River",1999,8,11,"BEL-WHB","Summer"
"S_20_00683",0.658472,0.070568,0.270959,NA,3,"NWH","Arviat_Sentry Island",1999,8,11,"PAN","Summer"
"S_20_00684",0.501244,0.100183,0.398573,NA,3,"NWH","Chesterfield_Inlet_Baker Foreland",1997,8,17,"PAN","Summer"
"S_20_00685",0.022724,1e-05,0.977266,NA,3,"NWH","Chesterfield_Inlet_Josephine_River",1999,8,22,"BEL-WHB","Summer"
"S_20_00686",1e-05,1e-05,0.99998,NA,3,"NWH","Chesterfield_Inlet_Josephine_River",1999,8,22,"BEL-WHB","Summer"
"S_20_00687",0.668255,0.086411,0.245334,NA,3,"NWH","Arviat_McConnel River",1999,8,11,"PAN","Summer"
"S_20_00690",0.708369,0.056943,0.234688,NA,3,"CSB","Pangnirtung",2005,7,9,"PAN","Summer"
"S_20_00692",0.708441,0.104971,0.186589,NA,3,"CSB","Pangnirtung_Tarriunittuq_Bay",2005,8,3,"PAN","Summer"
"S_20_00701",0.806333,0.186788,0.006879,NA,3,"CSB","Pangnirtung",2005,7,12,"PAN","Summer"
"S_20_00713",1e-05,0.080783,0.919207,NA,3,"BEL","Sanikiluaq",2002,5,30,"BEL-WHB","Spring"
"S_20_00717",0.34505,0.019885,0.635065,NA,3,"BEL","Sanikiluaq",2004,6,19,"BEL-WHB","Spring"
"S_20_00718",0.290069,0.085441,0.62449,NA,3,"BEL","Sanikiluaq",2003,9,29,"BEL-WHB","Fall"
"S_20_00720",0.300948,0.11342,0.585632,NA,3,"BEL","Sanikiluaq",2003,9,29,"BEL-WHB","Fall"
"S_20_00721",0.137692,1e-05,0.862298,NA,3,"BEL","Sanikiluaq",2004,6,18,"BEL-WHB","Spring"
"S_20_00726",0.352757,0.108126,0.539117,NA,3,"BEL","Sanikiluaq",2003,9,29,"BEL-WHB","Fall"
"S_20_00732",0.269993,1e-05,0.729997,NA,3,"BEL","Sanikiluaq",2004,7,NA,"BEL-WHB","Summer"
"S_20_00734",1e-05,0.017952,0.982038,NA,3,"BEL","Sanikiluaq",2003,6,28,"BEL-WHB","Spring"
"S_20_00738",0.459359,0.097846,0.442794,NA,3,"BEL","Sanikiluaq",2004,6,17,"PAN","Spring"
"S_20_00741",0.304621,0.119252,0.576127,NA,3,"BEL","Sanikiluaq",2002,5,17,"BEL-WHB","Spring"
"S_20_00742",0.286143,0.104362,0.609495,NA,3,"BEL","Sanikiluaq",2004,NA,NA,"BEL-WHB","Unknown"
"S_20_00744",0.218202,0.131602,0.650196,NA,3,"BEL","Sanikiluaq",2002,5,30,"BEL-WHB","Spring"
"S_20_00745",0.19827,0.114812,0.686918,NA,3,"BEL","Sanikiluaq",2003,9,NA,"BEL-WHB","Fall"
"S_20_00748",0.494968,0.060577,0.444455,NA,3,"BEL","Sanikiluaq",2004,6,17,"PAN","Spring"
"S_20_00750",0.213098,0.109369,0.677533,NA,3,"BEL","Sanikiluaq",2003,9,29,"BEL-WHB","Fall"
"S_20_00751",0.298752,0.088211,0.613037,NA,3,"BEL","Sanikiluaq",2003,NA,NA,"BEL-WHB","Unknown"
"S_20_00755",0.283261,0.125455,0.591285,NA,3,"BEL","Sanikiluaq",2004,6,17,"BEL-WHB","Spring"
"S_20_00757",0.163849,0.102214,0.733938,NA,3,"BEL","Sanikiluaq",2004,6,17,"BEL-WHB","Spring"
"S_20_00765",0.288611,0.097512,0.613877,NA,3,"BEL","Sanikiluaq",2002,5,30,"BEL-WHB","Spring"
"S_20_00766",0.278101,0.068814,0.653085,NA,3,"BEL","Sanikiluaq",2002,5,30,"BEL-WHB","Spring"
"S_20_00767",0.302074,0.037628,0.660298,NA,3,"BEL","Sanikiluaq",2004,6,18,"BEL-WHB","Spring"
"S_20_00770",0.840745,0.107876,0.051379,NA,3,"SWH","Nelson_River",2003,7,30,"PAN","Summer"
"S_20_00771",0.288742,0.06923,0.642029,NA,3,"SWH","Nelson_River",2003,8,4,"BEL-WHB","Summer"
"S_20_00772",0.693458,0.067902,0.23864,NA,3,"SWH","Nelson_River",2003,8,3,"PAN","Summer"
"S_20_00775",0.622215,0.133808,0.243977,NA,3,"SWH","Nelson_River",2005,7,23,"PAN","Summer"
"S_20_00779",0.662985,0.003783,0.333232,NA,3,"SWH","Nelson_River",2002,7,13,"PAN","Summer"
"S_20_00780",1e-05,0.028054,0.971936,NA,3,"NWH","Coral Harbour_Ruin Point",2001,9,3,"BEL-WHB","Fall"
"S_20_00782",0.602005,0.058797,0.339197,NA,3,"CSB","Pangnirtung",2005,NA,NA,"PAN","Unknown"
"S_20_00788",0.587722,0.176997,0.235281,NA,3,"SWH","Nelson_River",2004,7,24,"PAN","Summer"
"S_20_00789",0.439508,0.119138,0.441354,NA,3,"NWH","Arviat",2003,8,NA,"PAN","Summer"
"S_20_00790",0.51215,0.02352,0.46433,NA,3,"NWH","Arviat",2003,8,27,"PAN","Summer"
"S_20_00791",1e-05,1e-05,0.99998,NA,3,"NWH","Arviat",2003,8,6,"BEL-WHB","Summer"
"S_20_00792",0.345936,0.091708,0.562356,NA,3,"NWH","Arviat",2003,8,10,"BEL-WHB","Summer"
"S_20_00793",0.556638,0.079944,0.363418,NA,3,"NWH","Arviat",2003,8,4,"PAN","Summer"
"S_20_00794",0.525906,0.013281,0.460812,NA,3,"NWH","Arviat",2003,8,14,"PAN","Summer"
"S_20_00795",0.3773,0.041908,0.580792,NA,3,"NWH","Arviat",2003,8,17,"BEL-WHB","Summer"
"S_20_00797",0.255904,0.024786,0.71931,NA,3,"NWH","Arviat",2003,8,17,"BEL-WHB","Summer"
"S_20_00798",0.554951,0.186816,0.258233,NA,3,"NWH","Arviat",2003,8,17,"PAN","Summer"
"S_20_00799",0.266482,0.074073,0.659445,NA,3,"NWH","Arviat",2003,8,17,"BEL-WHB","Summer"
"S_20_00800",0.505794,0.109071,0.385135,NA,3,"NWH","Arviat",2003,8,15,"PAN","Summer"
"S_20_00801",0.45086,0.10376,0.44538,NA,3,"NWH","Arviat",2003,8,NA,"PAN","Summer"
"S_20_00802",0.565531,0.11283,0.321639,NA,3,"NWH","Arviat",2003,8,14,"PAN","Summer"
"S_20_00803",0.080371,0.138871,0.780758,NA,3,"NWH","Arviat",2003,8,14,"BEL-WHB","Summer"
"S_20_00804",0.139318,0.01173,0.848952,NA,3,"NWH","Arviat",2003,8,14,"BEL-WHB","Summer"
"S_20_00805",0.105368,0.177642,0.71699,NA,3,"NWH","Arviat",2003,8,9,"BEL-WHB","Summer"
"S_20_00806",0.337125,0.027286,0.635589,NA,3,"JAM","Bear_Island_Baie_James",2002,9,7,"BEL-WHB","Fall"
"S_20_00807",0.096578,0.095283,0.808139,NA,3,"JAM","Bear_Island_Baie_James",2002,9,7,"BEL-WHB","Fall"
"S_20_00808",0.500622,0.071445,0.427933,NA,3,"JAM","Bear_Island_Baie_James",2002,9,7,"PAN","Fall"
"S_20_00809",0.127428,0.043014,0.829557,NA,3,"JAM","Bear_Island_Baie_James",2002,9,7,"BEL-WHB","Fall"
"S_20_00810",0.513629,0.122896,0.363475,NA,3,"JAM","Bear_Island_Baie_James",2002,9,7,"PAN","Fall"
"S_20_00811",0.340085,0.119215,0.540701,NA,3,"NWH","Churchill",2002,NA,NA,"BEL-WHB","Unknown"
"S_20_00812",0.693687,0.109612,0.196701,NA,3,"SWH","Nelson_River",2004,7,26,"PAN","Summer"
"S_20_00813",0.747197,0.123066,0.129737,NA,3,"SWH","Nelson_River",2003,8,5,"PAN","Summer"
"S_20_00814",0.248369,0.106472,0.64516,NA,3,"SHS","Quaqtaq",2001,10,25,"BEL-WHB","Fall"
"S_20_00816",0.503665,0.057375,0.438961,NA,3,"SHS","Quaqtaq",2001,10,27,"PAN","Fall"
"S_20_00817",1e-05,0.99998,1e-05,NA,3,"SHS","Quaqtaq",2001,10,26,"SEH","Fall"
"S_20_00818",0.685691,0.062368,0.251942,NA,3,"SHS","Quaqtaq",2001,10,26,"PAN","Fall"
"S_20_00820",0.681902,0.114257,0.203841,NA,3,"SHS","Quaqtaq",2001,11,2,"PAN","Fall"
"S_20_00828",0.636378,0.06765,0.295972,NA,3,"NWH","Chesterfield_Inlet",1999,9,18,"PAN","Fall"
"S_20_00829",0.632783,0.156436,0.210781,NA,3,"NWH","Chesterfield_Inlet",1999,9,22,"PAN","Fall"
"S_20_00830",0.573017,0.101642,0.325341,NA,3,"NWH","Chesterfield_Inlet",1999,9,22,"PAN","Fall"
"S_20_00831",0.56674,0.119145,0.314115,NA,3,"NWH","Chesterfield_Inlet",1999,9,18,"PAN","Fall"
"S_20_00832",0.373507,0.192363,0.43413,NA,3,"NWH","Chesterfield_Inlet",1999,9,22,"PAN","Fall"
"S_20_00833",0.315713,0.043834,0.640453,NA,3,"NWH","Chesterfield_Inlet",1999,NA,NA,"BEL-WHB","Unknown"
"S_20_00834",0.646383,0.088892,0.264724,NA,3,"NWH","Chesterfield_Inlet",1999,NA,NA,"PAN","Unknown"
"S_20_00835_rep_1",0.532524,1e-05,0.467466,NA,3,"SEH","Nastapoka_River",1999,NA,NA,"PAN","Unknown"
"S_20_00836",0.734591,0.141176,0.124233,NA,3,"SEH","Nastapoka_River",1999,NA,NA,"PAN","Unknown"
"S_20_00849_rep",0.69228,0.110325,0.197395,NA,3,"UNG","Anse_Inussujuaq_Misaqvik",2001,7,20,"PAN","Summer"
"S_20_00851_rep",0.738867,0.147992,0.11314,NA,3,"UNG","Kangirsuk",2001,6,12,"PAN","Spring"
"S_20_00852_rep",0.570084,0.11492,0.314996,NA,3,"UNG","Kangirsuk",2001,6,12,"PAN","Spring"
"S_20_00853",0.67082,0.084904,0.244276,NA,3,"UNG","Tasiujaq",2001,7,20,"PAN","Summer"
"S_20_00854_rep",0.412986,0.402436,0.184578,NA,3,"UNG","Tasiujaq",2001,7,18,"PAN","Summer"
"S_20_00855",0.71988,0.117131,0.162989,NA,3,"UNG","Tasiujaq",2001,7,22,"PAN","Summer"
"S_20_00856",0.507384,0.087896,0.40472,NA,3,"UNG","Tasiujaq",2001,7,16,"PAN","Summer"
"S_20_00857_rep",0.639527,1e-05,0.360463,NA,3,"UNG","Dry_Bay",2001,7,19,"PAN","Summer"
"S_20_00860",0.710303,0.079547,0.21015,NA,3,"NEH","Akulivik",2001,10,9,"PAN","Fall"
"S_20_00861_rep",0.582949,0.241067,0.175983,NA,3,"NEH","Akulivik",2001,10,9,"PAN","Fall"
"S_20_00865",0.751912,0.146173,0.101914,NA,3,"SHS","Baie_Kuuttaap_Kangirsunga",2001,7,14,"PAN","Summer"
"S_20_00866",0.51878,0.164339,0.316881,NA,3,"SHS","Salluit_Fjord",2001,6,26,"PAN","Spring"
"S_20_00867",0.495322,0.28199,0.222688,NA,3,"SHS","Cap_Uqammaq",2001,6,25,"PAN","Spring"
"S_20_00868",0.676319,0.130506,0.193175,NA,3,"SHS","Kangiqsujuaq",2001,7,30,"PAN","Summer"
"S_20_00870",0.505974,0.115617,0.378409,NA,3,"SHS","Kangiqsujuaq",2001,6,25,"PAN","Spring"
"S_20_00871",0.71249,0.170771,0.116739,NA,3,"SHS","Kangiqsujuaq",2001,7,16,"PAN","Summer"
"S_20_00878",0.728094,0.184938,0.086967,NA,3,"SHS","Digges_Islands",2001,10,23,"PAN","Fall"
"S_20_00881",0.308483,0.107215,0.584302,NA,3,"SHS","Digges_Islands",2001,10,26,"BEL-WHB","Fall"
"S_20_00884",0.350126,0.114788,0.535086,NA,3,"SHS","Nuvuk_Islands",2001,10,8,"BEL-WHB","Fall"
"S_20_00885",0.606349,0.067764,0.325886,NA,3,"SHS","Kangiqsujuaq",2004,7,12,"PAN","Summer"
"S_20_00890",0.723546,0.106887,0.169567,NA,3,"SHS","Baie_Qarliik",2004,7,2,"PAN","Summer"
"S_20_00891",0.84746,1e-05,0.15253,NA,3,"SHS","Salluit",2004,6,29,"PAN","Spring"
"S_20_00892",0.707508,0.064878,0.227614,NA,3,"SHS","Baie_Nanuttuvik",2004,7,30,"PAN","Summer"
"S_20_00894",0.329955,0.059933,0.610112,NA,3,"SHS","Ivujivik",2004,10,12,"BEL-WHB","Fall"
"S_20_00895",0.266088,0.089594,0.644317,NA,3,"SHS","Ivujivik",2004,10,19,"BEL-WHB","Fall"
"S_20_00897",0.773562,0.141911,0.084527,NA,3,"SHS","Baie_Nanuttuvik",2004,7,1,"PAN","Summer"
"S_20_00898",0.767891,0.098103,0.134006,NA,3,"SHS","Salluit",2004,7,1,"PAN","Summer"
"S_20_00899",0.735278,0.109284,0.155438,NA,3,"SHS","Falaise_Naujaat_Akulliq",2004,7,1,"PAN","Summer"
"S_20_00903",0.6338,0.125582,0.240618,NA,3,"SEH","Little_Whale_River_Qilalugarsiuviup_Kuunga",2003,7,27,"PAN","Summer"
"S_20_00904",0.223114,0.357431,0.419455,NA,3,"SEH","Little_Whale_River_Qilalugarsiuviup_Kuunga",2003,7,27,"PAN","Summer"
"S_20_00905",0.499666,0.085317,0.415017,NA,3,"SHS","Falaise_Innijuaq",2003,6,28,"PAN","Spring"
"S_20_00907",0.72983,0.104266,0.165905,NA,3,"SHS","Pointe_Akulivik",2003,6,26,"PAN","Spring"
"S_20_00908",0.617551,0.193279,0.18917,NA,3,"SHS","Pointe_Akulivik",2003,6,27,"PAN","Spring"
"S_20_00912",0.589978,0.073369,0.336653,NA,3,"SHS","Kangiqsujuaq",2003,6,15,"PAN","Spring"
"S_20_00913",0.809663,0.097341,0.092996,NA,3,"SHS","Kangiqsujuaq",2003,7,10,"PAN","Summer"
"S_20_00914",0.663412,0.141049,0.195539,NA,3,"SHS","Kangiqsujuaq",2003,6,22,"PAN","Spring"
"S_20_00915",0.513689,0.068204,0.418107,NA,3,"SHS","Camp_Imilimmiut",2003,6,16,"PAN","Spring"
"S_20_00916_rep",0.525313,0.218861,0.255827,NA,3,"UNG","Kangirsuk",2003,6,19,"PAN","Spring"
"S_20_00917",0.709599,0.10348,0.186922,NA,3,"UNG","Kangirsuk",2003,6,19,"PAN","Spring"
"S_20_00918_rep",0.564648,0.1131,0.322251,NA,3,"UNG","Kangirsuk",2003,6,19,"PAN","Spring"
"S_20_00920",0.586809,0.11941,0.293781,NA,3,"SHS","Camp_Imilimmiut",2003,6,16,"PAN","Spring"
"S_20_00921_rep",0.870193,1e-05,0.129797,NA,3,"UNG","Kangirsuk",2003,6,19,"PAN","Spring"
"S_20_00924",0.18084,0.072459,0.746701,NA,3,"NHB","Repulse_Bay",2002,8,3,"BEL-WHB","Summer"
"S_20_00925",0.04171,0.092053,0.866236,NA,3,"NHB","Repulse_Bay_Hurd Channel",2002,9,13,"BEL-WHB","Fall"
"S_20_00926",0.571689,0.099077,0.329234,NA,3,"NHB","Repulse_Bay_Lyon Inlet",2002,9,NA,"PAN","Fall"
"S_20_00927",0.607098,0.050908,0.341993,NA,3,"NHB","Repulse_Bay_Nauyad",2002,9,22,"PAN","Fall"
"S_20_00928",0.621338,0.091973,0.286689,NA,3,"NHB","Coral_Harbour",1993,7,26,"PAN","Summer"
"S_20_00929",0.673145,0.178296,0.148559,NA,3,"NHB","Coral_Harbour",1993,7,27,"PAN","Summer"
"S_20_00930",1e-05,1e-05,0.99998,NA,3,"NHB","Coral_Harbour",1993,7,26,"BEL-WHB","Summer"
"S_20_00943",0.490842,0.13616,0.372998,NA,3,"NHB","Coral_Harbour",1996,9,11,"PAN","Fall"
"S_20_00944",0.217802,0.126842,0.655356,NA,3,"NHB","Coral_Harbour",1996,9,25,"BEL-WHB","Fall"
"S_20_00945",0.214639,0.161189,0.624172,NA,3,"NHB","Coral_Harbour",1996,9,25,"BEL-WHB","Fall"
"S_20_00948",0.305638,0.104478,0.589884,NA,3,"NHB","Coral_Harbour",1996,9,16,"BEL-WHB","Fall"
"S_20_00951",1e-05,1e-05,0.99998,NA,3,"NHB","Repulse_Bay_White Island",2001,8,27,"BEL-WHB","Summer"
"S_20_00952",0.529646,0.125898,0.344456,NA,3,"NHB","Repulse_Bay",2002,9,22,"PAN","Fall"
"S_20_00954",0.121093,0.064406,0.814501,NA,3,"NHB","Repulse_Bay_White Island",2001,8,27,"BEL-WHB","Summer"
"S_20_00955",0.430219,1e-05,0.569771,NA,3,"NHB","Repulse_Bay_Near Tikiraq",2001,9,3,"BEL-WHB","Fall"
"S_20_00957",0.391175,0.019761,0.589063,NA,3,"NHB","Repulse_Bay",2001,9,20,"BEL-WHB","Fall"
"S_20_00959",0.487786,0.058683,0.453532,NA,3,"NHB","Repulse_Bay",2002,9,22,"PAN","Fall"
"S_20_00961",0.555591,0.114169,0.33024,NA,3,"SHS","Quaqtaq",2004,10,28,"PAN","Fall"
"S_20_00962",0.729253,0.142682,0.128066,NA,3,"SHS","Baie_Qarliik",2004,6,5,"PAN","Spring"
"S_20_00964",0.896788,1e-05,0.103202,NA,3,"SHS","Kangiqsujuaq",2004,6,25,"PAN","Spring"
"S_20_00965",0.635649,0.172453,0.191898,NA,3,"SHS","Kangiqsujuaq",2004,6,24,"PAN","Spring"
"S_20_00966",0.619711,0.140919,0.23937,NA,3,"SHS","Kangiqsujuaq",2004,7,15,"PAN","Summer"
"S_20_00967",0.616435,0.071688,0.311877,NA,3,"SHS","Kangiqsujuaq",2004,7,16,"PAN","Summer"
"S_20_00968",0.24919,0.009367,0.741443,NA,3,"SHS","Ivujivik",2004,10,6,"BEL-WHB","Fall"
"S_20_00969",0.395584,0.039948,0.564468,NA,3,"SHS","Ivujivik",2004,10,20,"BEL-WHB","Fall"
"S_20_00974",0.372428,0.160941,0.466631,NA,3,"SHS","Quaqtaq",2004,10,28,"PAN","Fall"
"S_20_00975",0.503521,0.134817,0.361662,NA,3,"SHS","Quaqtaq",2004,10,22,"PAN","Fall"
"S_20_00976",0.609125,0.124211,0.266664,NA,3,"SHS","Pointe_Naujaat",2004,6,15,"PAN","Spring"
"S_20_00977",0.734629,0.086397,0.178974,NA,3,"SHS","Pointe_Naujaat",2004,6,15,"PAN","Spring"
"S_20_00982",0.617588,0.119144,0.263268,NA,3,"SHS","Kangiqsujuaq",2003,6,18,"PAN","Spring"
"S_20_00983",0.258934,0.078155,0.662911,NA,3,"SHS","Kangiqsujuaq",2003,6,29,"BEL-WHB","Spring"
"S_20_00987",0.624985,0.083837,0.291178,NA,3,"SHS","Ivujivik",2004,7,2,"PAN","Summer"
"S_20_00988",0.7708,0.125237,0.103963,NA,3,"SHS","Ivujivik",2004,7,7,"PAN","Summer"
"S_20_00992",0.597919,0.106402,0.295679,NA,3,"SHS","Nuvuk",2003,6,18,"PAN","Spring"
"S_20_00993",0.601055,0.137932,0.261013,NA,3,"SHS","Nuvuk",2003,6,23,"PAN","Spring"
"S_20_00995",0.699381,0.163704,0.136915,NA,3,"SHS","Pointe_Naujaat",2003,6,17,"PAN","Spring"
"S_20_00996",0.660559,0.113621,0.22582,NA,3,"SHS","Pointe_Naujaat",2003,6,16,"PAN","Spring"
"S_20_00999",0.54877,0.178838,0.272393,NA,3,"SHS","Pointe_Naujaat",2003,6,17,"PAN","Spring"
"S_20_01000",0.50289,0.09155,0.40556,NA,3,"SHS","Pointe_Naujaat",2003,6,17,"PAN","Spring"
"S_20_01001",0.748149,0.087732,0.164119,NA,3,"SHS","Kangiqsujuaq",2003,6,21,"PAN","Spring"
"S_20_01002",0.688837,0.165931,0.145232,NA,3,"UNG","Kangirsuk",2003,6,15,"PAN","Spring"
"S_20_01003",0.684556,0.15021,0.165234,NA,3,"SHS","Tupirvikallak",2003,6,22,"PAN","Spring"
"S_20_01004",0.440007,0.409925,0.150068,NA,3,"SHS","Baie_Kangituuq",2003,6,8,"PAN","Spring"
"S_20_01009",0.779916,0.122724,0.097359,NA,3,"SHS","Nuvuk",2003,6,18,"PAN","Spring"
"S_20_01010",0.707455,0.134176,0.158369,NA,3,"SHS","Nuvuk",2003,6,15,"PAN","Spring"
"S_20_01012_rep",0.87973,0.12026,1e-05,NA,3,"UNG","Tasiujaq",2003,6,30,"PAN","Spring"
"S_20_01013_rep",0.45037,0.082302,0.467328,NA,3,"UNG","Tasiujaq",2003,6,30,"PAN","Spring"
"S_20_01014",0.735014,0.144561,0.120424,NA,3,"UNG","Cap_Qalirusiq",2003,8,2,"PAN","Summer"
"S_20_01016",0.585376,0.161987,0.252638,NA,3,"SHS","Camp_Imilimmiut",2003,6,25,"PAN","Spring"
"S_20_01017",0.626059,0.164811,0.20913,NA,3,"SHS","Camp_Imilimmiut",2003,6,25,"PAN","Spring"
"S_20_01018_rep",0.671403,0.069901,0.258696,NA,3,"UNG","Kuujjuaq",2003,6,29,"PAN","Spring"
"S_20_01019",0.797804,0.202186,1e-05,NA,3,"NEH","Puvirnituq",2003,9,18,"PAN","Fall"
"S_20_01020",0.625361,0.148485,0.226154,NA,3,"SHS","Camp_Imilimmiut",2003,NA,NA,"PAN","Unknown"
"S_20_01022",0.229447,0.025593,0.74496,NA,3,"NWH","Whale_Cove",1997,8,10,"BEL-WHB","Summer"
"S_20_01023",0.737895,0.155046,0.107059,NA,3,"SHS","Quaqtaq",2003,7,29,"PAN","Summer"
"S_20_01025",0.723777,0.041516,0.234708,NA,3,"SHS","Quaqtaq",2003,NA,NA,"PAN","Unknown"
"S_20_01026",0.826155,0.168795,0.005051,NA,3,"SHS","Camp_Imilimmiut",2003,6,17,"PAN","Spring"
"S_20_01028",0.582833,0.19484,0.222327,NA,3,"SHS","Kangiqsujuaq",2003,6,30,"PAN","Spring"
"S_20_01029",0.4128,0.006311,0.580889,NA,3,"NHB","Repulse_Bay",1997,8,28,"BEL-WHB","Summer"
"S_20_01030",0.434856,0.050272,0.514872,NA,3,"NHB","Repulse_Bay",1997,8,23,"BEL-WHB","Summer"
"S_20_01031",0.12248,0.109153,0.768367,NA,3,"NHB","Repulse_Bay",2006,8,12,"BEL-WHB","Summer"
"S_20_01036",0.252087,0.035711,0.712202,NA,3,"NHS","Cape_Dorset",2000,11,4,"BEL-WHB","Fall"
"S_20_01038",0.713878,0.125488,0.160634,NA,3,"NHS","Cape_Dorset",2000,11,1,"PAN","Fall"
"S_20_01040",0.787351,0.117915,0.094734,NA,3,"NHS","Cape_Dorset",2000,10,31,"PAN","Fall"
"S_20_01042",0.385605,0.054863,0.559531,NA,3,"NHS","Cape_Dorset_Pakituaq",1999,11,10,"BEL-WHB","Fall"
"S_20_01044",0.698944,0.054883,0.246174,NA,3,"NHB","Coral_Harbour",1999,NA,NA,"PAN","Unknown"
"S_20_01045",0.675719,0.000786,0.323496,NA,3,"NHB","Coral_Harbour",1999,8,17,"PAN","Summer"
"S_20_01046",0.653164,0.073517,0.273319,NA,3,"NHB","Coral_Harbour",1999,8,16,"PAN","Summer"
"S_20_01047",0.563427,0.010636,0.425937,NA,3,"NHB","Coral_Harbour",1999,8,16,"PAN","Summer"
"S_20_01048",0.74462,0.058008,0.197373,NA,3,"NHB","Coral_Harbour",1999,8,17,"PAN","Summer"
"S_20_01049",1e-05,1e-05,0.99998,NA,3,"NHB","Coral_Harbour",1999,NA,NA,"BEL-WHB","Unknown"
"S_20_01051",0.622571,0.068761,0.308669,NA,3,"NHB","Coral_Harbour",1999,8,16,"PAN","Summer"
"S_20_01061",0.126899,0.018634,0.854467,NA,3,"NHB","Coral_Harbour_Nunaguluk",2000,9,2,"BEL-WHB","Fall"
"S_20_01062",0.159315,0.018537,0.822148,NA,3,"NHB","Coral_Harbour_Snafu",2000,8,24,"BEL-WHB","Summer"
"S_20_01063",0.749416,0.032749,0.217836,NA,3,"NHB","Coral_Harbour_Bear_Island",2000,8,25,"PAN","Summer"
"S_20_01065",0.467142,0.109582,0.423276,NA,3,"NHB","Coral_Harbour",2000,8,24,"PAN","Summer"
"S_20_01066",0.607574,1e-05,0.392416,NA,3,"NHB","Coral_Harbour",2000,8,24,"PAN","Summer"
"S_20_01068",0.524315,0.149721,0.325964,NA,3,"NHB","Coral_Harbour_Prairie_Point",2000,8,26,"PAN","Summer"
"S_20_01071",0.648841,0.078328,0.27283,NA,3,"NHB","Coral_Harbour_Snafu",2000,9,5,"PAN","Fall"
"S_20_01072",0.596205,0.041249,0.362546,NA,3,"NHB","Coral_Harbour_Nunaguluk",2000,8,22,"PAN","Summer"
"S_20_01074",0.658643,0.116641,0.224717,NA,3,"NWH","Chesterfield_Inlet",1999,9,22,"PAN","Fall"
"S_20_01076",0.674013,0.162104,0.163883,NA,3,"NWH","Chesterfield_Inlet",1999,9,19,"PAN","Fall"
"S_20_01077",0.399349,0.163853,0.436798,NA,3,"NWH","Chesterfield_Inlet",1999,9,18,"PAN","Fall"
"S_20_01078",0.418666,0.042996,0.538338,NA,3,"NWH","Chesterfield_Inlet_Fish Bay",1999,9,15,"BEL-WHB","Fall"
"S_20_01079",1e-05,1e-05,0.99998,NA,3,"NWH","Chesterfield_Inlet",1999,9,NA,"BEL-WHB","Fall"
"S_20_01080",0.382886,0.064606,0.552508,NA,3,"NWH","Chesterfield_Inlet",1999,9,NA,"BEL-WHB","Fall"
"S_20_01081",0.732235,0.117415,0.150349,NA,3,"NWH","Chesterfield_Inlet",1999,9,22,"PAN","Fall"
"S_20_01083",0.353548,0.126954,0.519498,NA,3,"SHS","Digges_Islands",2001,10,22,"BEL-WHB","Fall"
"S_20_01084",0.687885,0.075316,0.236799,NA,3,"SHS","Digges_Islands",2001,10,17,"PAN","Fall"
"S_20_01086",0.381468,0.132564,0.485967,NA,3,"SHS","Digges_Islands",2001,10,22,"PAN","Fall"
"S_20_01087",0.551681,0.084835,0.363485,NA,3,"SHS","Digges_Islands",2001,10,23,"PAN","Fall"
"S_20_01088",0.669374,0.023838,0.306788,NA,3,"SHS","Digges_Islands",2001,10,23,"PAN","Fall"
"S_20_01092",0.697399,0.118838,0.183762,NA,3,"SHS","Digges_Islands",2001,10,23,"PAN","Fall"
"S_20_01093",0.619719,0.139042,0.24124,NA,3,"SHS","Digges_Islands",2001,10,23,"PAN","Fall"
"S_20_01094",0.400427,0.095257,0.504316,NA,3,"SHS","Digges_Islands",2001,10,23,"BEL-WHB","Fall"
"S_20_01095_rep",0.574323,0.145403,0.280273,NA,3,"NEH","Cape_Smith",2001,10,15,"PAN","Fall"
"S_20_01097",0.308837,0.078343,0.61282,NA,3,"NEH","Cape_Smith",2001,10,15,"BEL-WHB","Fall"
"S_20_01098",0.459841,0.210063,0.330096,NA,3,"NEH","Cape_Smith",2001,10,15,"PAN","Fall"
"S_20_01099",0.397178,0.187415,0.415408,NA,3,"NEH","Akulivik",2001,10,15,"PAN","Fall"
"S_20_01101",0.612529,0.175784,0.211688,NA,3,"SHS","Digges_Islands",2001,10,20,"PAN","Fall"
"S_20_01105",0.479469,0.164381,0.35615,NA,3,"SHS","Digges_Islands",2001,10,20,"PAN","Fall"
"S_20_01106",0.713137,0.165435,0.121428,NA,3,"SHS","Digges_Islands",2001,10,20,"PAN","Fall"
"S_20_01110",0.754025,0.061367,0.184608,NA,3,"NHS","Lake_Harbour",1994,11,1,"PAN","Fall"
"S_20_01113",0.314415,0.124264,0.561321,NA,3,"SHS","Quaqtaq",2001,10,24,"BEL-WHB","Fall"
"S_20_01124",0.344489,0.399615,0.255896,NA,3,"SEH","Nastapoka_River",1998,8,9,"PAN","Summer"
"S_20_01134",0.3629,0.272981,0.364119,NA,3,"SEH","Umiujaq",1999,8,7,"PAN","Summer"
"S_20_01136",0.426125,0.428432,0.145443,NA,3,"SEH","Lac_Tasiujaq",1995,7,15,"PAN","Summer"
"S_20_01137",0.434937,0.203464,0.361599,NA,3,"SEH","Inukjuak",2010,7,3,"PAN","Summer"
"S_20_01139",0.527303,0.177671,0.295026,NA,3,"SHS","Ivujivik",2015,11,2,"PAN","Fall"
"S_20_01145",0.239527,0.147558,0.612915,NA,3,"SEH","Inukjuak",2009,6,22,"BEL-WHB","Spring"
"S_20_01147",1e-05,0.814593,0.185397,NA,3,"SEH","Inukjuak",1997,7,24,"SEH","Summer"
"S_20_01210",0.337631,0.287209,0.37516,NA,3,"SEH","Inukjuak",2017,7,2,"PAN","Summer"
"S_20_01211",0.48263,0.227207,0.290163,NA,3,"SEH","Kuujjuarapik",2018,8,3,"PAN","Summer"
"S_20_01214",0.682187,0.054877,0.262936,NA,3,"SWH","Nelson_River",2005,7,30,"PAN","Summer"
"S_20_01618",0.386423,0.392208,0.221369,NA,3,"SEH","Umiujaq",2007,7,1,"PAN","Summer"
"S_20_01620",0.595235,0.158213,0.246552,NA,3,"SEH","Inukjuak",2010,7,4,"PAN","Summer"
"S_20_01621",0.578719,0.152692,0.268589,NA,3,"SEH","Inukjuak",1997,8,4,"PAN","Summer"
"S_20_01624",0.152278,0.747406,0.100316,NA,3,"SEH","Lac_Tasiujaq",1995,7,14,"SEH","Summer"
"S_20_01626",0.509823,0.281899,0.208279,NA,3,"SEH","Lac_Tasiujaq",2008,7,9,"PAN","Summer"
"S_20_01628",0.465465,0.302489,0.232047,NA,3,"SEH","Inukjuak",2007,7,2,"PAN","Summer"
"S_20_01629",1e-05,0.99998,1e-05,NA,3,"SEH","Lac_Tasiujaq",2009,7,25,"SEH","Summer"
"S_20_01630",0.239194,0.502356,0.25845,NA,3,"SEH","Lac_Tasiujaq",2009,7,21,"SEH","Summer"
"S_20_01635",0.339349,0.090564,0.570087,NA,3,"SEH","Umiujaq",2017,7,18,"BEL-WHB","Summer"
"S_20_01636",0.367719,0.261741,0.37054,NA,3,"SEH","Baie_Kilualuk",2008,7,10,"PAN","Summer"
"S_20_01637",0.400725,0.396751,0.202524,NA,3,"SEH","Umiujaq",2008,7,10,"PAN","Summer"
"S_20_01638",1e-05,0.99998,1e-05,NA,3,"SEH","Baie_Kilualuk",2007,8,8,"SEH","Summer"
"S_20_01706",0.330573,0.328122,0.341305,NA,3,"SEH","Lac_Tasiujaq",2009,7,7,"PAN","Summer"
"S_20_01707",0.171257,0.51368,0.315062,NA,3,"SEH","Baie_Kilualuk",2007,8,5,"SEH","Summer"
"S_20_01708",1e-05,0.99998,1e-05,NA,3,"SEH","Baie_Kilualuk",2007,8,8,"SEH","Summer"
"S_20_01709",1e-05,0.99998,1e-05,NA,3,"SEH","Lac_Tasiujaq",2009,7,7,"SEH","Summer"
"S_20_01765",0.506801,0.237177,0.256022,NA,3,"SEH","Nastapoka_River",1994,8,NA,"PAN","Summer"
"S_20_01781",0.712991,0.147538,0.139471,NA,3,"SLE","LAnse_au_Loup",2009,7,12,"PAN","Summer"
"S_20_01784",0.424155,0.255887,0.319958,NA,3,"SEH","Nastapoka_River",1994,8,NA,"PAN","Summer"
"S_20_01791",0.460957,0.257874,0.281168,NA,3,"SEH","Nastapoka_River",1994,8,NA,"PAN","Summer"
"S_20_01792",0.241856,0.627493,0.130652,NA,3,"SEH","Nastapoka_River",1994,8,NA,"SEH","Summer"
"S_20_01801",0.474306,0.28954,0.236154,NA,3,"SEH","Nastapoka_Sound",2001,8,7,"PAN","Summer"
"S_20_01803",0.429783,0.383762,0.186456,NA,3,"SEH","Nastapoka_Sound",2001,8,3,"PAN","Summer"
"S_20_01863",0.618861,0.105756,0.275384,NA,3,"SEH","Kuujjuarapik",1990,NA,NA,"PAN","Unknown"
"S_20_01866",0.70663,0.143508,0.149862,NA,3,"SHS","Baie_Kangiararjuk",1994,10,19,"PAN","Fall"
"S_20_01873",0.344475,0.041647,0.613878,NA,3,"SEH","Kuujjuarapik",1993,NA,NA,"BEL-WHB","Unknown"
"S_20_01874",0.766467,0.106645,0.126887,NA,3,"UNG","Baie_Ungavatuaq",1994,8,16,"PAN","Summer"
"S_20_01878",0.589802,0.089887,0.320312,NA,3,"UNG","Baie_Ungavatuaq",1994,8,16,"PAN","Summer"
"S_20_01882",0.675967,0.125654,0.19838,NA,3,"SHS","Kangirsuapik",1994,10,17,"PAN","Fall"
"S_20_01883",0.720238,0.057943,0.221819,NA,3,"SHS","Kangirsuapik",1994,10,17,"PAN","Fall"
"S_20_01896",0.724106,0.124847,0.151047,NA,3,"UNG","Aupaluk",1999,7,21,"PAN","Summer"
"S_20_01899",0.744787,0.081507,0.173706,NA,3,"SHS","Wales_Island",1999,7,5,"PAN","Summer"
"S_20_01900",0.656868,0.080409,0.262723,NA,3,"SHS","Tupirvikallak",1999,6,18,"PAN","Spring"
"S_20_01904",0.643378,0.17567,0.180951,NA,3,"UNG","Aupaluk",1999,7,2,"PAN","Summer"
"S_20_01906",0.744074,0.173129,0.082797,NA,3,"UNG","Aupaluk",1999,7,15,"PAN","Summer"
"S_20_01920",0.678209,0.11674,0.205051,NA,3,"SHS","Ivujivik",1999,6,25,"PAN","Spring"
"S_20_01933",0.719904,0.113616,0.16648,NA,3,"UNG","Aupaluk",1999,7,2,"PAN","Summer"
"S_20_01935",0.672784,0.082902,0.244314,NA,3,"SHS","Baie_Kangiararjuk",1999,7,6,"PAN","Summer"
"S_20_01938",0.739745,0.102837,0.157418,NA,3,"UNG","Tasiujaq",1999,7,15,"PAN","Summer"
"S_20_01939",0.728008,0.141371,0.130621,NA,3,"UNG","Tasiujaq",1999,7,28,"PAN","Summer"
"S_20_01942",0.687087,0.146622,0.166291,NA,3,"UNG","Tasiujaq",1999,7,27,"PAN","Summer"
"S_20_01947",0.561575,0.166978,0.271448,NA,3,"SHS","Quaqtaq",2001,10,22,"PAN","Fall"
"S_20_01949",0.508195,0.063319,0.428486,NA,3,"SHS","Quaqtaq",2001,10,22,"PAN","Fall"
"S_20_01985",0.564353,0.1056,0.330048,NA,3,"UNG","Tasiujaq",2010,7,12,"PAN","Summer"
"S_20_01986",0.827727,0.118953,0.053319,NA,3,"UNG","Tasiujaq",2010,8,12,"PAN","Summer"
"S_20_01991",0.596358,0.10257,0.301072,NA,3,"UNG","Kangiqsualujjuaq",2010,8,16,"PAN","Summer"
"S_20_02070",0.638094,0.165956,0.195949,NA,3,"NEH","Akulivik",2017,10,24,"PAN","Fall"
"S_20_02083",0.421619,0.253287,0.325094,NA,3,"SEH","Island_Anderson",2017,6,22,"PAN","Spring"
"S_20_02100",0.639267,0.181052,0.179682,NA,3,"NEH","Akulivik",2018,10,29,"PAN","Fall"
"S_20_02102",0.504536,0.212831,0.282634,NA,3,"NEH","Akulivik",2018,10,20,"PAN","Fall"
"S_20_02103",0.708771,0.163892,0.127337,NA,3,"NEH","Pointe_Qikirtaujaq",2018,10,16,"PAN","Fall"
"S_20_02104",0.362805,0.406759,0.230436,NA,3,"SEH","Kuujjuarapik",2018,7,7,"PAN","Summer"
"S_20_02109",0.402476,0.20153,0.395993,NA,3,"UNG","Tasiujaq",2018,7,14,"PAN","Summer"
"S_20_02110",0.557822,0.1482,0.293978,NA,3,"UNG","Island_Qulluvik",2018,7,1,"PAN","Summer"
"S_20_02115",0.540639,0.061872,0.397489,NA,3,"UNG","Islands_Pakkiviit",2018,7,22,"PAN","Summer"
"S_20_02173",0.446099,0.285622,0.268278,NA,3,"SEH","Umiujaq",2002,6,18,"PAN","Spring"
"S_20_02182",0.661859,0.143535,0.194606,NA,3,"UNG","Pointe_Tikiraq",2002,6,28,"PAN","Spring"
"S_20_02239",0.669479,0.168434,0.162087,NA,3,"SHS","Island_Naujaaraarjuq",2015,6,26,"PAN","Spring"
"S_20_02240",0.66262,0.180383,0.156996,NA,3,"SHS","Island_Naujaaraarjuq",2015,6,27,"PAN","Spring"
"S_20_02242",0.879871,0.070712,0.049417,NA,3,"SHS","Island_Naujaaraarjuq",2015,6,27,"PAN","Spring"
"S_20_02252",0.634167,0.218882,0.146951,NA,3,"SHS","Pointe_Arvavik",2015,6,23,"PAN","Spring"
"S_20_02254",0.56545,0.237037,0.197513,NA,3,"SHS","Island_Naujaaraarjuq",2015,6,23,"PAN","Spring"
"S_20_02255",0.554486,0.12967,0.315844,NA,3,"UNG","Cap_Qalirusiq",2015,7,11,"PAN","Summer"
"S_20_02256",0.6735,0.147366,0.179134,NA,3,"UNG","Tasiujaq",2015,7,27,"PAN","Summer"
"S_20_02257",0.345032,0.06709,0.587877,NA,3,"UNG","Cap_Qalirusiq",2015,7,11,"BEL-WHB","Summer"
"S_20_02258",0.703375,0.096798,0.199827,NA,3,"UNG","Baie_Ungavatuaq",2015,7,4,"PAN","Summer"
"S_20_02261",0.635638,0.138603,0.22576,NA,3,"UNG","Pointe_Tikiraq",2015,6,26,"PAN","Spring"
"S_20_02262",0.734874,0.143012,0.122114,NA,3,"UNG","Pointe_Umiannguaq",2015,7,3,"PAN","Summer"
"S_20_02285",0.711453,0.026609,0.261938,NA,3,"SHS","Pointe_Naujaat",2004,6,15,"PAN","Spring"
"S_20_02350",0.463263,0.053247,0.48349,NA,3,"UNG","Baie_Ungavatuaq",2018,7,20,"PAN","Summer"
"S_20_02352",0.512668,0.197451,0.289882,NA,3,"UNG","Aupaluk",2018,7,17,"PAN","Summer"
"S_20_02354",0.535653,0.17432,0.290027,NA,3,"UNG","Kangirsuk",2018,6,28,"PAN","Spring"
"S_20_02355",0.553721,0.160631,0.285648,NA,3,"UNG","Island_Qulluvik",2018,7,9,"PAN","Summer"
"S_20_02362",0.689184,0.169524,0.141292,NA,3,"NEH","Akulivik",2018,10,20,"PAN","Fall"
"S_20_02364",0.443125,0.135478,0.421397,NA,3,"UNG","Tasiujaq",2018,7,11,"PAN","Summer"
"S_20_02365",0.765721,0.092754,0.141525,NA,3,"UNG","Aupaluk",2018,7,7,"PAN","Summer"
"S_20_02373",0.672583,0.112071,0.215346,NA,3,"NEH","Akulivik",2018,10,20,"PAN","Fall"
"S_20_02374",0.608485,0.123133,0.268382,NA,3,"NEH","Akulivik",2018,10,20,"PAN","Fall"
"S_20_02375",0.330112,0.29746,0.372428,NA,3,"SEH","Inukjuak",2018,6,23,"PAN","Spring"
"S_20_02380",0.467677,0.092977,0.439346,NA,3,"UNG","Tasiujaq",2018,7,10,"PAN","Summer"
"S_20_02383",0.363909,0.070173,0.565918,NA,3,"UNG","Tasiujaq",2018,7,10,"BEL-WHB","Summer"
"S_20_02385",0.41544,0.12975,0.45481,NA,3,"UNG","Cap_Qalirusiq",2018,7,14,"PAN","Summer"
"S_20_02386",0.405482,0.119418,0.475099,NA,3,"UNG","Tasiujaq",2018,7,7,"PAN","Summer"
"S_20_02387",0.477231,0.039883,0.482886,NA,3,"UNG","Cap_Qalirusiq",2018,7,9,"PAN","Summer"
"S_20_02388",0.443859,0.116096,0.440045,NA,3,"UNG","Tasiujaq",2018,7,11,"PAN","Summer"
"S_20_02389",0.32789,0.117832,0.554278,NA,3,"UNG","Cap_Qalirusiq",2018,7,10,"BEL-WHB","Summer"
"S_20_02390",0.62824,0.102909,0.268851,NA,3,"UNG","Cap_Qalirusiq",2018,7,13,"PAN","Summer"
"S_20_02391",0.474396,0.150071,0.375533,NA,3,"UNG","Aupaluk",2018,7,7,"PAN","Summer"
"S_20_02392",0.411393,0.146258,0.442349,NA,3,"UNG","Island_Qulluvik",2018,7,6,"PAN","Summer"
"S_20_02393",0.457212,1e-05,0.542778,NA,3,"UNG","Island_Qulluvik",2018,7,6,"BEL-WHB","Summer"
"S_20_02394",0.598801,0.131314,0.269884,NA,3,"UNG","Island_Qulluvik",2018,7,2,"PAN","Summer"
"S_20_02537",0.917663,0.082327,1e-05,NA,3,"SHS","Camp_Imilimmiut",2004,7,7,"PAN","Summer"
"S_20_02539",0.633967,0.13225,0.233783,NA,3,"SHS","Camp_Imilimmiut",2004,7,7,"PAN","Summer"
"S_20_02540",0.230989,0.130169,0.638842,NA,3,"SHS","Camp_Imilimmiut",2004,7,7,"BEL-WHB","Summer"
"S_20_02582",0.683082,0.154249,0.162669,NA,3,"UNG","Aupaluk",2017,7,23,"PAN","Summer"
"S_20_02591",0.759456,0.146175,0.094369,NA,3,"UNG","Tasiujaq",2017,8,5,"PAN","Summer"
"S_20_02608",0.666209,0.059994,0.273797,NA,3,"UNG","Kuujjuaq",2017,7,2,"PAN","Summer"
"S_20_02609",0.711381,0.144622,0.143997,NA,3,"UNG","Tasiujaq",2017,7,4,"PAN","Summer"
"S_20_02610",0.689553,1e-05,0.310437,NA,3,"UNG","Tasiujaq",2017,9,8,"PAN","Fall"
"S_20_02611",0.696521,0.076249,0.22723,NA,3,"UNG","Tasiujaq",2017,6,29,"PAN","Spring"
"S_20_02612",0.685599,0.110076,0.204325,NA,3,"UNG","Tasiujaq",2017,7,12,"PAN","Summer"
"S_20_02633",0.723055,0.178029,0.098916,NA,3,"UNG","Baie_Ungavatuaq",2016,7,20,"PAN","Summer"
"S_20_02634",0.840252,0.078732,0.081016,NA,3,"UNG","Tasiujaq",2016,7,12,"PAN","Summer"
"S_20_02635",0.077139,0.073985,0.848876,NA,3,"UNG","Baie_Ungavatuaq",2016,7,27,"BEL-WHB","Summer"
"S_20_02636",0.699477,0.178814,0.121709,NA,3,"UNG","Tasiujaq",2016,7,12,"PAN","Summer"
"S_20_02659",0.407595,0.273176,0.319229,NA,3,"SEH","Lac_Tasiujaq",2015,NA,NA,"PAN","Unknown"
"S_20_02664",0.588094,0.118767,0.293139,NA,3,"SEH","Umiujaq",2007,7,16,"PAN","Summer"
"S_20_02714",0.67539,0.143618,0.180992,NA,3,"UNG","Kangiqsualujjuaq",2007,7,23,"PAN","Summer"
"S_20_02715",0.716565,0.151831,0.131604,NA,3,"UNG","Kangiqsualujjuaq",2007,7,22,"PAN","Summer"
"S_20_02726",0.721617,0.171559,0.106824,NA,3,"UNG","Baie_Ungavatuaq",2007,7,17,"PAN","Summer"
"S_20_02727",0.696511,0.155869,0.14762,NA,3,"UNG","Pointe_Tikiraq",2007,6,22,"PAN","Spring"
"S_20_02728",0.650562,0.05557,0.293869,NA,3,"UNG","Pointe_Tikiraq",2007,6,22,"PAN","Spring"
"S_20_02808",0.371283,0.288425,0.340291,NA,3,"NEH","Akulivik",2009,5,10,"PAN","Spring"
"S_20_02809",0.500902,0.195853,0.303245,NA,3,"NEH","Akulivik",2009,5,10,"PAN","Spring"
"S_20_02848",0.352905,0.300218,0.346876,NA,3,"SEH","Inukjuak",2007,8,11,"PAN","Summer"
"S_20_02849",0.340318,0.424444,0.235238,NA,3,"SEH","Baie_Kilualuk",2007,7,24,"PAN","Summer"
"S_20_02908",0.499484,0.163777,0.33674,NA,3,"UNG","Island_Qulluvik",2018,7,7,"PAN","Summer"
"S_20_02910",0.667725,0.038796,0.293479,NA,3,"UNG","Island_Qulluvik",2018,7,2,"PAN","Summer"
"S_20_02911",0.506746,0.069867,0.423387,NA,3,"UNG","Island_Qulluvik",2018,6,29,"PAN","Spring"
"S_20_02912",0.484622,0.112084,0.403294,NA,3,"UNG","Island_Qulluvik",2018,6,24,"PAN","Spring"
"S_20_02916",0.595173,0.118625,0.286202,NA,3,"UNG","Island_Qulluvik",2018,6,29,"PAN","Spring"
"S_20_02917",0.784426,0.129324,0.08625,NA,3,"UNG","Island_Qulluvik",2018,6,24,"PAN","Spring"
"S_20_02957",0.684762,0.162008,0.153229,NA,3,"SEH","Little_Whale_River_Qilalugarsiuviup_Kuunga",1998,8,5,"PAN","Summer"
"S_20_02958",1e-05,0.99998,1e-05,NA,3,"SEH","Nastapoka_River",1998,8,9,"SEH","Summer"
"S_20_02961",0.190202,0.755745,0.054053,NA,3,"SEH","Little_Whale_River_Qilalugarsiuviup_Kuunga",1998,8,5,"SEH","Summer"
"S_20_02963",0.444134,0.381033,0.174833,NA,3,"SEH","Nastapoka_Sound",1999,8,3,"PAN","Summer"
"S_20_02964",0.283102,0.273284,0.443613,NA,3,"SEH","Nastapoka_Sound",1999,8,3,"PAN","Summer"
"S_20_02965",1e-05,0.99998,1e-05,NA,3,"SEH","Nastapoka_Sound",1999,8,3,"SEH","Summer"
"S_20_02966",0.515296,0.277728,0.206976,NA,3,"SEH","Nastapoka_Sound",1999,8,3,"PAN","Summer"
"S_20_03033",0.389569,0.230683,0.379747,NA,3,"SEH","Nastapoka_Sound",2001,8,1,"PAN","Summer"
"S_20_03034",0.588347,0.197154,0.214499,NA,3,"SEH","Nastapoka_Sound",2001,8,3,"PAN","Summer"
"S_20_03035",0.565938,0.192123,0.241939,NA,3,"SEH","Nastapoka_Sound",2001,8,3,"PAN","Summer"
"S_20_03036",0.459055,0.272983,0.267962,NA,3,"SEH","Nastapoka_Sound",2001,8,3,"PAN","Summer"
"S_20_03037",0.566999,0.22323,0.209772,NA,3,"SEH","Nastapoka_Sound",2001,8,3,"PAN","Summer"
"S_20_03039",0.526989,0.149263,0.323748,NA,3,"UNG","Qarmait",2001,6,20,"PAN","Spring"
"S_20_03054",0.333226,0.07913,0.587644,NA,3,"SEH","Umiujaq",2010,6,1,"BEL-WHB","Spring"
"S_20_03055",0.328971,0.091306,0.579723,NA,3,"SEH","Umiujaq",2010,10,1,"BEL-WHB","Fall"
"S_20_03056",0.396575,0.159242,0.444183,NA,3,"SEH","Umiujaq",2010,6,1,"PAN","Spring"
"S_20_03083",0.572617,0.267028,0.160355,NA,3,"SEH","Inukjuak",1997,8,4,"PAN","Summer"
"S_20_03084",0.492385,0.309687,0.197928,NA,3,"SEH",NA,1997,8,5,"PAN","Summer"
"S_20_03086",0.579788,0.184104,0.236108,NA,3,"SEH","Nastapoka_Sound",1997,8,4,"PAN","Summer"
"S_20_03088",0.615511,0.245415,0.139074,NA,3,"SEH","Inukjuak",1997,8,4,"PAN","Summer"
"S_20_03090",0.543203,0.242234,0.214563,NA,3,"SEH","Inukjuak",1997,8,4,"PAN","Summer"
"S_20_03091",0.393469,0.312289,0.294243,NA,3,"SEH","Nastapoka_River",1997,8,5,"PAN","Summer"
"S_20_03092",0.654836,0.104937,0.240228,NA,3,"UNG","Baie_Qirnituup",1997,7,12,"PAN","Summer"
"S_20_03095",0.619527,0.198867,0.181606,NA,3,"UNG","Baie_Qirnituup",1997,7,7,"PAN","Summer"
"S_20_03096",0.533444,0.140061,0.326496,NA,3,"UNG","Baie_Qirnituup",1997,7,7,"PAN","Summer"
"S_20_03098",0.287414,0.534527,0.178059,NA,3,"SEH","Umiujaq",1997,NA,NA,"SEH","Unknown"
"S_20_03100",0.184365,0.722843,0.092792,NA,3,"SEH","Umiujaq",1997,NA,NA,"SEH","Unknown"
"S_20_03118",0.641658,0.119729,0.238613,NA,3,"UNG","Kuujjuaq",1997,7,26,"PAN","Summer"
"S_20_03180",1e-05,0.99998,1e-05,NA,3,"SEH","Nastapoka_Sound",2001,8,4,"SEH","Summer"
"S_20_03181",1e-05,0.99998,1e-05,NA,3,"SEH","Nastapoka_Sound",2001,8,7,"SEH","Summer"
"S_20_03182",1e-05,0.99998,1e-05,NA,3,"SEH","Nastapoka_Sound",2001,8,7,"SEH","Summer"
"S_20_03183",0.490085,0.295624,0.214291,NA,3,"SEH","Nastapoka_River",2000,8,10,"PAN","Summer"
"S_20_03185",0.513784,0.179975,0.306242,NA,3,"SEH","Nastapoka_River",2000,8,10,"PAN","Summer"
"S_20_03186",0.521655,0.226422,0.251923,NA,3,"SEH","Nastapoka_River",2000,8,10,"PAN","Summer"
"S_20_03195",0.699033,0.017836,0.283132,NA,3,"UNG","Kuujjuaq",1998,7,11,"PAN","Summer"
"S_20_03203",0.606123,0.147419,0.246458,NA,3,"NEH","Puvirnituq",1998,10,16,"PAN","Fall"
"S_20_03207",0.520558,0.256202,0.22324,NA,3,"SEH","Nastapoka_Sound",1998,8,9,"PAN","Summer"
"S_20_03210",0.434824,0.364051,0.201125,NA,3,"NEH","Puvirnituq",1998,10,16,"PAN","Fall"
"S_20_03212",0.350078,0.160487,0.489434,NA,3,"NEH","Puvirnituq",1998,10,16,"PAN","Fall"
"S_20_03218",0.517843,0.182048,0.300109,NA,3,"SEH","Kuujjuarapik",1998,7,17,"PAN","Summer"
"S_20_03229",0.441066,0.300289,0.258644,NA,3,"SEH","Nastapoka_River",1998,8,1,"PAN","Summer"
"S_20_03231",1e-05,0.825319,0.174671,NA,3,"SEH","Nastapoka_River",1998,8,9,"SEH","Summer"
"S_20_03341",0.710265,0.133589,0.156146,NA,3,"NEH","Puvirnituq",2007,10,16,"PAN","Fall"
"S_20_03345",1e-05,0.99998,1e-05,NA,3,"SEH","Lac_Tasiujaq",2008,6,26,"SEH","Spring"
"S_20_03419",0.518388,0.235494,0.246118,NA,3,"SEH",NA,2016,8,14,"PAN","Summer"
"S_20_03476_rep",0.545567,0.177725,0.276709,NA,3,"SLE","Rimouski_est",2011,5,19,"PAN","Spring"
"S_20_03486",0.660332,0.136694,0.202974,NA,3,"NHS","Lake_Harbour_Kimmirut",1992,5,28,"PAN","Spring"
"S_20_03506",0.775358,0.148452,0.07619,NA,3,"SWH","Nelson_River",2004,7,27,"PAN","Summer"
"S_20_03508",0.453199,0.084222,0.462579,NA,3,"NWH","Churchill",1992,7,4,"PAN","Summer"
"S_20_03512",0.285657,0.164318,0.550025,NA,3,"NWH","Churchill",2015,7,14,"BEL-WHB","Summer"
"S_20_03514",0.274326,0.191069,0.534605,NA,3,"NWH","Churchill",2015,7,11,"BEL-WHB","Summer"
"S_20_03515",0.236173,0.059381,0.704446,NA,3,"NWH","Churchill",2015,7,12,"BEL-WHB","Summer"
"S_20_03516",0.313384,0.121332,0.565284,NA,3,"NWH","Churchill",2015,7,14,"BEL-WHB","Summer"
"S_20_03517",0.074869,0.138533,0.786598,NA,3,"NWH","Churchill",2015,8,8,"BEL-WHB","Summer"
"S_20_03519",0.207886,0.149952,0.642162,NA,3,"NWH","Churchill",2015,7,10,"BEL-WHB","Summer"
"S_20_03520",0.285727,0.118187,0.596086,NA,3,"NWH","Churchill",2015,7,10,"BEL-WHB","Summer"
"S_20_03521",0.246381,0.104787,0.648832,NA,3,"NWH","Churchill",2015,7,14,"BEL-WHB","Summer"
"S_20_03525",0.41939,0.220404,0.360206,NA,3,"SEH","Nastapoka_River",1994,8,16,"PAN","Summer"
"S_20_03527",0.434501,0.255551,0.309948,NA,3,"SEH","Baie_Kilualuk",2007,8,5,"PAN","Summer"
"S_20_03528",0.582178,0.216084,0.201738,NA,3,"SEH","Inukjuak",2010,7,NA,"PAN","Summer"
"S_20_03572",0.68365,0.111628,0.204723,NA,3,"FRB","Iqaluit",1991,7,23,"PAN","Summer"
"S_20_03573",0.734722,0.055611,0.209667,NA,3,"FRB","Iqaluit",1992,6,8,"PAN","Spring"
"S_20_03577",0.699928,0.085562,0.21451,NA,3,"NHS","Kimmirut",1989,7,10,"PAN","Summer"
"S_20_03582",0.814729,0.043701,0.141569,NA,3,"FRB","Iqaluit",1991,7,15,"PAN","Summer"
"S_20_03583",0.716668,0.157877,0.125454,NA,3,"FRB","Iqaluit",1992,6,19,"PAN","Spring"
"S_20_03585",0.810988,0.027294,0.161718,NA,3,"NHS","Lake_Harbour_Kimmirut",1992,10,11,"PAN","Fall"
"S_20_03586",0.909007,0.090983,1e-05,NA,3,"NHS","Kimmirut",1989,6,24,"PAN","Spring"
"S_20_03587",0.757783,0.157197,0.085019,NA,3,"NHS","Kimmirut",1992,10,11,"PAN","Fall"
"S_20_03588",0.621601,0.150259,0.22814,NA,3,"NHS","Kimmirut",1991,11,7,"PAN","Fall"
"S_20_03590",0.760386,0.102846,0.136768,NA,3,"FRB","Iqaluit",1992,7,30,"PAN","Summer"
"S_20_03591",0.748403,0.148928,0.102669,NA,3,"FRB","Iqaluit",1992,7,3,"PAN","Summer"
"S_20_03592",0.787466,0.151665,0.060869,NA,3,"FRB","Iqaluit",1992,8,25,"PAN","Summer"
"S_20_03593",0.683935,0.047204,0.268862,NA,3,"NHS","Lake_Harbour_Kimmirut",1992,10,11,"PAN","Fall"
"S_20_03595",0.658595,0.164339,0.177066,NA,3,"NHS","Kimmirut",1992,10,11,"PAN","Fall"
"S_20_03598",0.717113,0.156538,0.126349,NA,3,"FRB","Iqaluit",1992,7,3,"PAN","Summer"
"S_20_03599",0.70946,0.168144,0.122396,NA,3,"NHS","Lake_Harbour_Kimmirut",1992,10,17,"PAN","Fall"
"S_20_03600",0.884945,0.115045,1e-05,NA,3,"NHS","Kimmirut",1989,6,24,"PAN","Spring"
"S_20_03601",0.701846,0.147511,0.150643,NA,3,"NHS","Kimmirut",1989,6,24,"PAN","Spring"
"S_20_03605",0.713607,0.12045,0.165943,NA,3,"FRB","Iqaluit",1992,6,5,"PAN","Spring"
"S_20_03606",0.584559,0.173206,0.242235,NA,3,"FRB","Iqaluit",1992,6,14,"PAN","Spring"
"S_20_03607",0.61161,0.146659,0.241731,NA,3,"NHS","Kimmirut",1991,11,7,"PAN","Fall"
"S_20_03613",0.737938,0.145876,0.116186,NA,3,"FRB","Iqaluit",1992,6,5,"PAN","Spring"
"S_20_03614",0.710105,0.090465,0.199431,NA,3,"FRB","Iqaluit",1992,6,9,"PAN","Spring"
"S_20_03617",0.689472,0.17491,0.135618,NA,3,"NHS","Kimmirut",1989,7,13,"PAN","Summer"
"S_20_03618",0.756976,0.134032,0.108993,NA,3,"NHS","Kimmirut",1990,7,10,"PAN","Summer"
"S_20_03623",0.724241,0.038833,0.236927,NA,3,"FRB","Iqaluit",1992,6,4,"PAN","Spring"
"S_20_03625",0.615056,0.035482,0.349463,NA,3,"NHS","Lake_Harbour_Kimmirut",1992,10,9,"PAN","Fall"
"S_20_03626",0.689907,0.151331,0.158761,NA,3,"NHS","Lake_Harbour_Kimmirut",1992,10,11,"PAN","Fall"
"S_20_03627",0.690182,0.143631,0.166188,NA,3,"NHS","Kimmirut",1989,7,1,"PAN","Summer"
"S_20_03628",0.765119,0.103569,0.131312,NA,3,"NHS","Kimmirut",1991,10,17,"PAN","Fall"
"S_20_03630",0.627185,0.156467,0.216348,NA,3,"FRB","Iqaluit",1991,7,7,"PAN","Summer"
"S_20_03631",0.679356,0.173576,0.147068,NA,3,"FRB","Iqaluit",1992,7,3,"PAN","Summer"
"S_20_03633",0.747141,0.076361,0.176498,NA,3,"NHS","Lake_Harbour_Kimmirut",1992,10,11,"PAN","Fall"
"S_20_03634",0.782939,0.10505,0.112011,NA,3,"NHS","Lake_Harbour_Kimmirut",1992,10,11,"PAN","Fall"
"S_20_03636",0.769787,0.090002,0.140211,NA,3,"NHS","Kimmirut",1991,10,17,"PAN","Fall"
"S_20_03649",0.788869,0.130013,0.081118,NA,3,"NEH","Akulivik",1999,10,19,"PAN","Fall"
"S_20_03655",0.234964,0.482942,0.282094,NA,3,"SEH","Island_Anderson",2017,6,22,"PAN","Spring"
"S_20_03658",1e-05,0.99998,1e-05,NA,3,"SEH","Nastapoka_Sound",2001,8,4,"SEH","Summer"
