"ID_GQ","ID_rcpt","Region1","Location","Year","Month","Day","Community","Haplo","K","Q1","Q2","Q3","Q4","Q5","Membership.neutral"
"S_20_00600","DL2003_S_17908","SEH","Little_Whale_River_Qilalugarsiuviup_Kuunga",2003,7,14,"DFO_MPO","HL001",5,0.032816,1e-05,0.036803,0.00375,0.926621,"LGR"
"S_20_00601","DL2003_S_9151","SEH","Little_Whale_River_Qilalugarsiuviup_Kuunga",2003,7,11,"DFO_MPO","HL002",5,0.006343,1e-05,0.03099,1e-05,0.962647,"LGR"
"S_20_00602","DL2003_S_9152","SEH","Little_Whale_River_Qilalugarsiuviup_Kuunga",2003,7,22,"DFO_MPO","HL003",5,0.022811,0.108819,0.011016,0.04296,0.814393,"LGR"
"S_20_00603","ARAR_03_1043","NWH","Arviat",2003,8,NA,"Arviat","HL004",5,0.047994,0.506518,0.232661,0.111549,0.101278,"HBSC"
"S_20_00604","ARAR_03_1046","NWH","Arviat",2003,8,NA,"Arviat","HL003",5,0.02921,0.607845,0.240372,0.082217,0.040356,"HBSC"
"S_20_00605","ARAR_03_1080","NWH","Arviat",2003,8,NA,"Arviat","HL003",5,0.060596,0.594526,0.313283,0.014243,0.017352,"HBSC"
"S_20_00606","ARAR_03_1074","NWH","Arviat",2003,8,17,"Arviat","HL004",5,0.041551,0.604072,0.26582,0.041318,0.047239,"HBSC"
"S_20_00607","ARAR_03_1073","NWH","Arviat",2003,8,17,"Arviat","HL003",5,0.039313,0.54952,0.28219,0.029152,0.099825,"HBSC"
"S_20_00608","ARAR_03_1077","NWH","Arviat",2003,8,NA,"Arviat","HL001",5,0.025586,0.580958,0.32614,0.002933,0.064382,"HBSC"
"S_20_00609","ARAR_03_1061","NWH","Arviat",2003,8,17,"Arviat","HL005",5,0.093053,0.569181,0.22908,0.050434,0.058252,"HBSC"
"S_20_00610","ARAR_03_1058","NWH","Arviat",2003,8,NA,"Arviat","HL001",5,0.0241,0.617016,0.281768,0.062049,0.015067,"HBSC"
"S_20_00611","ARAR_03_1075","NWH","Arviat",2003,8,9,"Arviat","HL001",5,0.000298,0.457246,0.231495,0.16085,0.150111,"HBSC"
"S_20_00614","ARAR_03_1059","NWH","Arviat",2003,8,14,"Arviat","HL003",5,0.162615,0.530761,0.26015,0.03047,0.016004,"HBSC"
"S_20_00615","ARAR_03_1060","NWH","Arviat",2003,8,9,"Arviat","HL001",5,0.081158,0.460458,0.238982,0.157137,0.062265,"HBSC"
"S_20_00616","ARAR_03_1062","NWH","Arviat",2003,8,14,"Arviat","HL001",5,0.03001,0.51684,0.301564,0.080394,0.071192,"HBSC"
"S_20_00617","ARAR_03_1072","NWH","Arviat",2003,8,13,"Arviat","HL003",5,0.05849,0.587841,0.263993,0.055407,0.034268,"HBSC"
"S_20_00618","ARAR_03_1041","NWH","Arviat",2003,8,17,"Arviat","HL006",5,0.041056,0.585076,0.27712,0.076806,0.019942,"HBSC"
"S_20_00620","DL2003_S_1853","SEH","Little_Whale_River_Qilalugarsiuviup_Kuunga",2003,7,14,"DFO_MPO","HL007",5,0.023563,0.074352,0.104817,0.03394,0.763328,"LGR"
"S_20_00621","DL2003_S_1852","SEH","Little_Whale_River_Qilalugarsiuviup_Kuunga",2003,7,11,"DFO_MPO","HL001",5,0.071993,1e-05,1e-05,1e-05,0.927977,"LGR"
"S_20_00622","JBDL_07_01","JAM","Pointe_de_Repentigny",2007,8,9,"DFO_MPO","HL008",5,1e-05,1e-05,1e-05,0.99996,1e-05,"JAM"
"S_20_00625","ARSQ_03_1011","BEL","Sanikiluaq",2003,7,NA,"Sanikiluaq","HL001",5,0.067755,0.543285,0.257726,0.071005,0.060229,"HBSC"
"S_20_00626_rep","ARSQ_03_1013","BEL","Sanikiluaq",2003,7,8,"Sanikiluaq","HL010",5,0.049622,0.56563,0.111773,0.128362,0.144613,"HBSC"
"S_20_00627","ARSQ_03_1006","BEL","Wiegand_Island",2003,7,7,"Sanikiluaq","HL001",5,0.096583,0.449472,0.345696,0.10824,1e-05,"HBSC"
"S_20_00628","ARSQ_03_1007","BEL","Wiegand_Island",2003,7,7,"Sanikiluaq","HL001",5,0.090594,0.544595,0.234465,0.103779,0.026568,"HBSC"
"S_20_00629","ARNR_04_02","SWH","Nelson_River",2004,7,24,"Churchill","HL003",5,0.061398,0.62517,0.199505,0.054751,0.059176,"HBSC"
"S_20_00630","ARNR_04_03","SWH","Nelson_River",2004,7,25,"Churchill","HL001",5,0.036305,0.519333,0.262637,0.119669,0.062055,"HBSC"
"S_20_00632","ARNR_04_06","SWH","Nelson_River",2004,7,27,"Churchill","HL001",5,0.074305,0.545555,0.261483,0.069024,0.049633,"HBSC"
"S_20_00633","ARNR_05_04","SWH","Nelson_River",2005,7,30,"Churchill","HL001",5,0.102769,0.469472,0.221213,0.12989,0.076656,"HBSC"
"S_20_00635","NQ04_6017","SHS","Kangiqsujuaq",2004,7,22,"Kangiqsujuaq","HL001",5,0.09011,0.481618,0.29089,0.050988,0.086395,"HBSC"
"S_20_00636","NQ04_6519","SHS","Falaise_Innijuaq",2004,7,2,"Salluit","HL003",5,0.12671,0.509096,0.261195,0.04455,0.058448,"HBSC"
"S_20_00638","NQ04_6522","SHS","Falaise_Innijuaq",2004,7,1,"Salluit","HL001",5,0.121603,0.367782,0.387568,0.070321,0.052726,"HBSC"
"S_20_00639","NQ04_6171","SHS","Baie_Nanuttuvik",2004,6,30,"Salluit","HL012",5,0.05763,0.591448,0.273495,0.046267,0.03116,"HBSC"
"S_20_00640","NQ04_6172","SHS","Salluit_Fjord",2004,6,30,"Salluit","HL011",5,0.023517,0.638619,0.255467,0.031957,0.05044,"HBSC"
"S_20_00642","FMMM_CH_001","NHB","Coral_Harbour",1993,7,25,"Coral Harbour","HL008",5,0.083676,0.571748,0.297185,0.013008,0.034383,"HBSC"
"S_20_00643","FMMM_CH_011","NHB","Coral_Harbour",1993,7,27,"Coral Harbour","HL013",5,0.098826,0.587819,0.275065,0.017305,0.020985,"HBSC"
"S_20_00644","FMMM_CH_016","NHB","Coral_Harbour",1993,7,26,"Coral Harbour","HL003",5,0.062734,0.533871,0.346453,0.005425,0.051517,"HBSC"
"S_20_00645","FMMM_CH_018","NHB","Coral_Harbour",1993,7,26,"Coral Harbour","HL009",5,0.048885,0.573491,0.282343,0.03492,0.060361,"HBSC"
"S_20_00646_rep","NQDL_3100","UNG","Anse_Inussujuaq_Misaqvik",2001,7,20,"Kangirsuk","HL014",5,0.062607,0.504256,0.283647,0.022842,0.126648,"HBSC"
"S_20_00647_rep","NQDL_3095","UNG","Anse_Inussujuaq_Misaqvik",2001,7,19,"Kangirsuk","HL003",5,0.071135,0.543838,0.31672,0.032094,0.036214,"HBSC"
"S_20_00649","NQDL_3245","UNG","Aupaluk",2001,7,5,"Aupaluk","HL014",5,0.013748,0.578704,0.240444,0.045723,0.121381,"HBSC"
"S_20_00650","NQDL_3251","UNG","Aupaluk",2001,7,5,"Aupaluk","HL001",5,0.05599,0.508279,0.241128,0.147854,0.046748,"HBSC"
"S_20_00652","DL2003_S_17906","SEH","Little_Whale_River_Qilalugarsiuviup_Kuunga",2003,7,23,"DFO_MPO","HL003",5,0.020085,0.525111,0.31517,0.104499,0.035135,"HBSC"
"S_20_00653","DL2003_S_17911","SEH","Little_Whale_River_Qilalugarsiuviup_Kuunga",2003,7,27,"DFO_MPO","HL016",5,0.073346,0.526545,0.243047,0.040962,0.116101,"HBSC"
"S_20_00654","ARAR_99_1019","NWH","Arviat_west of McConnel River",1999,8,11,"Arviat","HL001",5,0.057323,0.459423,0.209138,0.194397,0.07972,"HBSC"
"S_20_00656","ARAR_99_1014","NWH","Arviat",1999,8,11,"Arviat","HL017",5,0.035879,0.605763,0.213379,0.107716,0.037262,"HBSC"
"S_20_00657","ARAR_99_1009","NWH","Arviat_Sentry Island",1999,8,12,"Arviat","HL018",5,1e-05,1e-05,0.918981,1e-05,0.080989,"CSB"
"S_20_00658","ARAR_99_1036","NWH","Arviat_McConnel River",1999,8,11,"Arviat","HL019",5,0.025489,0.580807,0.286559,0.107136,1e-05,"HBSC"
"S_20_00660","ARPG_05_1220","CSB","Pangnirtung",2005,8,3,"Pangnirtung","HL003",5,0.156848,0.450288,0.325249,0.038329,0.029285,"HBSC"
"S_20_00661","ARPG_02_1054","CSB","Pangnirtung_Imigen",2002,7,6,"Pangnirtung","HL003",5,1e-05,1e-05,0.99996,1e-05,1e-05,"CSB"
"S_20_00662","ARPG_02_1072","CSB","Pangnirtung",2002,7,25,"Pangnirtung","HL021",5,1e-05,1e-05,0.99996,1e-05,1e-05,"CSB"
"S_20_00664","ARPG_05_1232","CSB","Pangnirtung_Bon_Accord",2005,8,4,"Pangnirtung","HL003",5,0.082002,0.56103,0.208855,0.090878,0.057235,"HBSC"
"S_20_00665","ARPG_06_1281","CSB","Pangnirtung_Imilit",2006,6,30,"Pangnirtung","HL003",5,0.070994,0.556718,0.297025,0.015015,0.060248,"HBSC"
"S_20_00666","ARPG_06_1280","CSB","Pangnirtung_Emelet",2006,7,1,"Pangnirtung","HL023",5,1e-05,1e-05,0.912832,2.8e-05,0.08712,"CSB"
"S_20_00667","ARPG_02_1040","CSB","Pangnirtung_Nuvuatiakalak",2002,7,21,"Pangnirtung","HL022",5,0.017113,0.136076,0.804038,1e-05,0.042763,"CSB"
"S_20_00668","ARPG_05_1255","CSB","Pangnirtung",2005,8,3,"Pangnirtung","HL024",5,0.069806,1e-05,0.930164,1e-05,1e-05,"CSB"
"S_20_00670","ARPG_02_1039","CSB","Pangnirtung",2002,7,10,"Pangnirtung","HL022",5,1e-05,1e-05,0.99996,1e-05,1e-05,"CSB"
"S_20_00676","PTT_7279","NWH","Churchill",1992,7,5,"Churchill","HL001",5,0.094484,0.393774,0.288787,0.166167,0.056788,"HBSC"
"S_20_00678","PTT_7278","NWH","Churchill",1992,7,4,"Churchill","HL026",5,0.106602,0.284061,0.288225,0.250355,0.070757,"HBSC"
"S_20_00681","ARAR_99_1037","NWH","Arviat_McConnel River",1999,8,11,"Arviat","HL004",5,0.014765,0.539774,0.316497,0.128955,1e-05,"HBSC"
"S_20_00683","ARAR_99_1024","NWH","Arviat_Sentry Island",1999,8,11,"Arviat","HL015",5,0.062966,0.591011,0.26453,0.022901,0.058593,"HBSC"
"S_20_00684","ARHU97_019","NWH","Chesterfield_Inlet_Baker Foreland",1997,8,17,"Chesterfield Inlet","HL003",5,0.018057,0.648989,0.199309,0.089607,0.044038,"HBSC"
"S_20_00685","ARCI_99_1023","NWH","Chesterfield_Inlet_Josephine_River",1999,8,22,"Chesterfield Inlet","HL004",5,0.10159,0.457655,0.336472,0.077467,0.026816,"HBSC"
"S_20_00686","ARCI_99_1024","NWH","Chesterfield_Inlet_Josephine_River",1999,8,22,"Chesterfield Inlet","HL004",5,0.046764,0.551129,0.309612,0.058166,0.034329,"HBSC"
"S_20_00687","ARAR_99_1038","NWH","Arviat_McConnel River",1999,8,11,"Arviat","HL003",5,0.067191,0.612923,0.241426,0.032864,0.045596,"HBSC"
"S_20_00690","ARPG_05_1241","CSB","Pangnirtung",2005,7,9,"Pangnirtung","HL003",5,0.176056,0.434166,0.309615,0.049166,0.030997,"HBSC"
"S_20_00692","ARPG_05_1225","CSB","Pangnirtung_Tarriunittuq_Bay",2005,8,3,"Pangnirtung","HL003",5,0.080632,0.549735,0.245248,0.024407,0.099978,"HBSC"
"S_20_00695","PGDL_02_03","CSB","Pangnirtung_West_Cumberland_Sound",2002,7,NA,"Pangnirtung","HL024",5,1e-05,1e-05,0.99996,1e-05,1e-05,"CSB"
"S_20_00697","ARPG_07_1314","CSB","Pangnirtung",2007,7,4,"Pangnirtung","HL028",5,1e-05,1e-05,0.99996,1e-05,1e-05,"CSB"
"S_20_00699","JBDL_07_06","JAM","Pointe_de_Repentigny",2007,8,25,"DFO_MPO","HL008",5,1e-05,1e-05,1e-05,0.99996,1e-05,"JAM"
"S_20_00701","ARPG_05_1211","CSB","Pangnirtung",2005,7,12,"Pangnirtung","HL029",5,0.055286,0.610452,0.212921,0.037223,0.084118,"HBSC"
"S_20_00702","ARPG_02_1034","CSB","Pangnirtung",2002,7,22,"Pangnirtung","HL030",5,0.10601,1e-05,0.89396,1e-05,1e-05,"CSB"
"S_20_00703","ARPG_06_1265","CSB","Pangnirtung",2006,7,1,"Pangnirtung","HL003",5,1e-05,1e-05,0.99996,1e-05,1e-05,"CSB"
"S_20_00709","PGDL_02_02","CSB","Pangnirtung_West_Cumberland_Sound",2002,7,NA,"Pangnirtung","HL024",5,1e-05,1e-05,0.99996,1e-05,1e-05,"CSB"
"S_20_00710","DL2008_JB_06","JAM","Pointe_de_Repentigny_James_Bay",2008,8,10,"DFO_MPO","HL008",5,1e-05,1e-05,1e-05,0.99996,1e-05,"JAM"
"S_20_00711","JBDL_07_02","JAM","Pointe_de_Repentigny",2007,8,9,"DFO_MPO","HL008",5,1e-05,1e-05,1e-05,0.99996,1e-05,"JAM"
"S_20_00712","JBDL_07_04","JAM","Pointe_de_Repentigny",2007,8,14,"DFO_MPO","HL008",5,1e-05,1e-05,1e-05,0.99996,1e-05,"JAM"
"S_20_00713","ARSQ_02_1036","BEL","Sanikiluaq",2002,5,30,"Sanikiluaq","HL032",5,0.131391,0.357267,0.393331,0.076416,0.041594,"HBSC"
"S_20_00717","ARSQ_04_1073","BEL","Sanikiluaq",2004,6,19,"Sanikiluaq","HL035",5,0.080182,0.471495,0.321189,0.072848,0.054286,"HBSC"
"S_20_00718","ARSQ_03_1018","BEL","Sanikiluaq",2003,9,29,"Sanikiluaq","HL036",5,0.060426,0.525827,0.232275,0.098912,0.08256,"HBSC"
"S_20_00719","ARSQ_2004_6","BEL","Sanikiluaq",2005,5,19,"Sanikiluaq","HL037",5,0.007941,0.05015,0.073703,0.835264,0.032943,"JAM"
"S_20_00720","ARSQ_03_1017","BEL","Sanikiluaq",2003,9,29,"Sanikiluaq","HL022",5,0.041935,0.523778,0.230634,0.113138,0.090514,"HBSC"
"S_20_00721","ARSQ_04_1072","BEL","Sanikiluaq",2004,6,18,"Sanikiluaq","HL001",5,0.176807,0.324465,0.383136,0.115582,1e-05,"HBSC"
"S_20_00722","ARSQ_04_1032","BEL","Sanikiluaq",2004,12,17,"Sanikiluaq",NA,5,0.041201,0.00494,0.109978,0.842497,0.001384,"JAM"
"S_20_00724","ARSQ_2004_15","BEL","Sanikiluaq",2005,5,19,"Sanikiluaq","HL034",5,0.005067,0.023311,0.080154,0.877069,0.014398,"JAM"
"S_20_00725","ARSQ_2004_5","BEL","Sanikiluaq",2005,5,19,"Sanikiluaq","HL001",5,0.011554,1e-05,1e-05,0.962213,0.026213,"JAM"
"S_20_00726","ARSQ_03_1014","BEL","Sanikiluaq",2003,9,29,"Sanikiluaq","HL001",5,0.014458,0.534608,0.284179,0.06598,0.100776,"HBSC"
"S_20_00729","ARSQ_2004_4","BEL","Sanikiluaq",2005,5,19,"Sanikiluaq","HL001",5,1e-05,0.037305,0.075662,0.844563,0.042461,"JAM"
"S_20_00730","ARSQ_02_1035","BEL","Sanikiluaq",2002,5,NA,"Sanikiluaq","HL038",5,0.098329,1e-05,1e-05,0.901641,1e-05,"JAM"
"S_20_00732","ARSQ_04_1067","BEL","Sanikiluaq",2004,7,NA,"Sanikiluaq","HL001",5,0.177356,0.344105,0.359471,0.078557,0.040511,"HBSC"
"S_20_00733","ARSQ_04_1030","BEL","Sanikiluaq",2004,12,17,"Sanikiluaq","HL033",5,0.074759,1e-05,0.085771,0.83945,1e-05,"JAM"
"S_20_00734","ARSQ_03_1005","BEL","Sanikiluaq",2003,6,28,"Sanikiluaq","HL001",5,0.133928,0.351866,0.406468,0.093361,0.014376,"HBSC"
"S_20_00735","ARSQ_2004_18","BEL","Sanikiluaq",2005,5,19,"Sanikiluaq","HL033",5,1e-05,0.00491,0.019971,0.962925,0.012184,"JAM"
"S_20_00738","ARSQ_04_1066","BEL","Sanikiluaq",2004,6,17,"Sanikiluaq","HL001",5,0.0366,0.585588,0.241072,0.047523,0.089217,"HBSC"
"S_20_00740","ARSQ_2004_17","BEL","Sanikiluaq",2005,5,19,"Sanikiluaq","HL033",5,1e-05,1e-05,0.079807,0.920163,1e-05,"JAM"
"S_20_00741","ARSQ_02_1004","BEL","Sanikiluaq",2002,5,17,"Sanikiluaq","HL032",5,0.10899,0.538204,0.282392,0.041987,0.028427,"HBSC"
"S_20_00742","ARSQ_04_A","BEL","Sanikiluaq",2004,NA,NA,"Sanikiluaq",NA,5,0.03608,0.543868,0.293893,0.0703,0.055859,"HBSC"
"S_20_00744","ARSQ_02_1010","BEL","Sanikiluaq",2002,5,30,"Sanikiluaq","HL022",5,0.029644,0.586119,0.228267,0.063448,0.092522,"HBSC"
"S_20_00745","ARSQ_03_1020","BEL","Sanikiluaq",2003,9,NA,"Sanikiluaq","HL001",5,0.067461,0.555207,0.21802,0.091598,0.067715,"HBSC"
"S_20_00748","ARSQ_04_1065","BEL","Sanikiluaq",2004,6,17,"Sanikiluaq","HL001",5,0.035621,0.602189,0.197462,0.096064,0.068664,"HBSC"
"S_20_00749","ARSQ_2004_2","BEL","Sanikiluaq",2005,5,19,"Sanikiluaq","HL016",5,0.030943,0.033908,0.075889,0.852157,0.007104,"JAM"
"S_20_00750","ARSQ_03_1040","BEL","Sanikiluaq",2003,9,29,"Sanikiluaq","HL001",5,0.054597,0.441778,0.312442,0.118153,0.073031,"HBSC"
"S_20_00751","ARSQ_03_1024","BEL","Sanikiluaq",2003,NA,NA,"Sanikiluaq","HL001",5,0.069426,0.480155,0.322924,0.086743,0.040753,"HBSC"
"S_20_00753","ARSQ_2004_11","BEL","Sanikiluaq",2005,5,19,"Sanikiluaq","HL034",5,0.036205,0.023334,0.050815,0.860289,0.029357,"JAM"
"S_20_00754","ARSQ_2004_14","BEL","Sanikiluaq",2005,5,19,"Sanikiluaq","HL039",5,0.052998,0.051823,0.032587,0.862581,1e-05,"JAM"
"S_20_00755","ARSQ_04_1075","BEL","Sanikiluaq",2004,6,17,"Sanikiluaq","HL001",5,0.054228,0.491362,0.321816,0.093238,0.039356,"HBSC"
"S_20_00757","ARSQ_04_1086","BEL","Sanikiluaq",2004,6,17,"Sanikiluaq","HL022",5,0.067596,0.552229,0.29109,0.089075,1e-05,"HBSC"
"S_20_00758","ARSQ_2004_8","BEL","Sanikiluaq",2005,5,19,"Sanikiluaq","HL039",5,0.028455,0.039184,0.067621,0.851295,0.013446,"JAM"
"S_20_00761","ARSQ_2004_19","BEL","Sanikiluaq",2005,5,19,"Sanikiluaq","HL008",5,0.039177,1e-05,1e-05,0.931432,0.029372,"JAM"
"S_20_00764","ARSQ_2004_16","BEL","Sanikiluaq",2005,5,19,"Sanikiluaq","HL001",5,0.041465,1e-05,1e-05,0.958505,1e-05,"JAM"
"S_20_00765","ARSQ_02_1001","BEL","Sanikiluaq",2002,5,30,"Sanikiluaq","HL022",5,0.070353,0.550156,0.302186,0.064254,0.013051,"HBSC"
"S_20_00766","ARSQ_02_1002","BEL","Sanikiluaq",2002,5,30,"Sanikiluaq","HL001",5,0.066911,0.542324,0.253803,0.100398,0.036564,"HBSC"
"S_20_00767","ARSQ_04_1071","BEL","Sanikiluaq",2004,6,18,"Sanikiluaq","HL022",5,0.119401,0.460881,0.310914,0.066033,0.042771,"HBSC"
"S_20_00768","ARSQ_2004_12","BEL","Sanikiluaq",2005,5,19,"Sanikiluaq","HL001",5,0.093158,0.045396,1e-05,0.861426,1e-05,"JAM"
"S_20_00769","ARSQ_2004_13","BEL","Sanikiluaq",2005,5,19,"Sanikiluaq","HL034",5,0.014685,0.074611,0.089116,0.790346,0.031242,"JAM"
"S_20_00770","ARNR_03_01","SWH","Nelson_River",2003,7,30,"Churchill","HL015",5,0.058027,0.569574,0.252634,0.048607,0.071159,"HBSC"
"S_20_00771","ARNR_03_04","SWH","Nelson_River",2003,8,4,"Churchill","HL001",5,0.053277,0.477552,0.258015,0.138599,0.072558,"HBSC"
"S_20_00772","ARNR_03_02","SWH","Nelson_River",2003,8,3,"Churchill","HL003",5,0.040259,0.585708,0.230616,0.046639,0.096778,"HBSC"
"S_20_00775","ARNR_05_01","SWH","Nelson_River",2005,7,23,"Churchill","HL012",5,0.050584,0.645044,0.227981,0.024127,0.052264,"HBSC"
"S_20_00776","ARPG_02_1037","CSB","Pangnirtung_Ilugajut",2002,7,NA,"Pangnirtung","HL003",5,0.023312,0.121069,0.790379,0.034122,0.031118,"CSB"
"S_20_00777","ARPG_02_1198","CSB","Pangnirtung",2002,7,22,"Pangnirtung","HL022",5,0.046094,0.018111,0.754396,0.042494,0.138905,"CSB"
"S_20_00778","ARPG_02_1077","CSB","Pangnirtung_Imilit",2002,7,6,"Pangnirtung","HL040",5,1e-05,0.158008,0.7625,0.005083,0.0744,"CSB"
"S_20_00779","ARNR_02_01","SWH","Nelson_River",2002,7,13,"Churchill","HL012",5,0.042289,0.596509,0.252091,0.046561,0.06255,"HBSC"
"S_20_00780","ARCH_01_1111","NWH","Coral Harbour_Ruin Point",2001,9,3,"Coral Harbour","HL020",5,0.048996,0.537475,0.275383,0.084853,0.053292,"HBSC"
"S_20_00781","ARPG_07_1317","CSB","Pangnirtung",2007,7,4,"Pangnirtung","HL003",5,0.018253,0.084486,0.830686,0.010055,0.05652,"CSB"
"S_20_00782","ARPG_05_1230","CSB","Pangnirtung",2005,NA,NA,"Pangnirtung","HL003",5,0.180638,0.33634,0.437599,0.022845,0.022578,"HBSC"
"S_20_00784","ARPG_07_1328","CSB","Pangnirtung_Kangilo_Fjord",2007,7,4,"Pangnirtung","HL024",5,1e-05,1e-05,0.99996,1e-05,1e-05,"CSB"
"S_20_00788","ARNR_04_01","SWH","Nelson_River",2004,7,24,"Churchill","HL042",5,0.056207,0.60216,0.213862,0.002892,0.124879,"HBSC"
"S_20_00789","ARAR_03_1063","NWH","Arviat",2003,8,NA,"Arviat","HL003",5,0.031655,0.627848,0.242321,0.037601,0.060576,"HBSC"
"S_20_00790","ARAR_03_1064","NWH","Arviat",2003,8,27,"Arviat","HL043",5,0.055197,0.548305,0.303126,0.062915,0.030457,"HBSC"
"S_20_00791","ARAR_03_1065","NWH","Arviat",2003,8,6,"Arviat","HL044",5,0.064819,0.540421,0.332742,0.062008,1e-05,"HBSC"
"S_20_00792","ARAR_03_1066","NWH","Arviat",2003,8,10,"Arviat","HL006",5,0.039998,0.621213,0.212774,0.073802,0.052213,"HBSC"
"S_20_00793","ARAR_03_1067","NWH","Arviat",2003,8,4,"Arviat","HL003",5,0.044801,0.631057,0.234615,0.037887,0.05164,"HBSC"
"S_20_00794","ARAR_03_1068","NWH","Arviat",2003,8,14,"Arviat","HL003",5,0.025738,0.676853,0.238901,0.046661,0.011846,"HBSC"
"S_20_00795","ARAR_03_1069","NWH","Arviat",2003,8,17,"Arviat","HL045",5,0.042752,0.681209,0.197626,0.047639,0.030774,"HBSC"
"S_20_00797","ARAR_03_1044","NWH","Arviat",2003,8,17,"Arviat","HL046",5,0.001872,0.567235,0.297474,0.122213,0.011206,"HBSC"
"S_20_00798","ARAR_03_1047","NWH","Arviat",2003,8,17,"Arviat","HL001",5,0.070672,0.605951,0.24335,0.029725,0.050302,"HBSC"
"S_20_00799","ARAR_03_1048","NWH","Arviat",2003,8,17,"Arviat","HL047",5,0.058257,0.615083,0.195048,0.065291,0.066321,"HBSC"
"S_20_00800","ARAR_03_1050","NWH","Arviat",2003,8,15,"Arviat","HL003",5,0.056166,0.559984,0.239484,0.053269,0.091098,"HBSC"
"S_20_00801","ARAR_03_1052","NWH","Arviat",2003,8,NA,"Arviat","HL003",5,0.106917,0.512699,0.288569,0.034158,0.057658,"HBSC"
"S_20_00802","ARAR_03_1053","NWH","Arviat",2003,8,14,"Arviat","HL003",5,0.093834,0.549342,0.231704,0.022788,0.102332,"HBSC"
"S_20_00803","ARAR_03_1054","NWH","Arviat",2003,8,14,"Arviat","HL044",5,0.038696,0.502395,0.347144,0.071837,0.039928,"HBSC"
"S_20_00804","ARAR_03_1055","NWH","Arviat",2003,8,14,"Arviat","HL004",5,0.021178,0.535318,0.302505,0.115334,0.025665,"HBSC"
"S_20_00805","ARAR_03_1057","NWH","Arviat",2003,8,9,"Arviat","HL001",5,0.089006,0.439852,0.228368,0.1624,0.080374,"HBSC"
"S_20_00806","NQ02_4146","JAM","Bear_Island_Baie_James",2002,9,7,"Inukjuak","HL001",5,0.094796,0.487661,0.389584,0.02795,1e-05,"HBSC"
"S_20_00807","NQ02_4147","JAM","Bear_Island_Baie_James",2002,9,7,"Inukjuak","HL001",5,0.066137,0.696317,1e-05,0.076885,0.160651,"HBSC"
"S_20_00808","NQ02_4148","JAM","Bear_Island_Baie_James",2002,9,7,"Inukjuak","HL001",5,0.060555,0.577911,0.236049,0.067108,0.058377,"HBSC"
"S_20_00809","NQ02_4149","JAM","Bear_Island_Baie_James",2002,9,7,"Inukjuak","HL001",5,0.064787,0.631537,0.114749,0.104928,0.083999,"HBSC"
"S_20_00810","NQ02_4150","JAM","Bear_Island_Baie_James",2002,9,7,"Inukjuak","HL001",5,0.098447,0.563949,0.195726,0.053657,0.088221,"HBSC"
"S_20_00811","ARCH_02_01","NWH","Churchill",2002,NA,NA,"Churchill","HL026",5,0.037921,0.501433,0.260496,0.144321,0.055829,"HBSC"
"S_20_00812","ARNR_04_04","SWH","Nelson_River",2004,7,26,"Churchill","HL003",5,0.047144,0.4857,0.347198,0.033165,0.086793,"HBSC"
"S_20_00813","ARNR_03_05","SWH","Nelson_River",2003,8,5,"Churchill","HL015",5,0.035908,0.586467,0.212959,0.058162,0.106504,"HBSC"
"S_20_00814","NQWW_01_04","SHS","Quaqtaq",2001,10,25,"Quaqtaq","HL048",5,0.038798,0.462047,0.311703,0.149673,0.03778,"HBSC"
"S_20_00816","NQWW_01_06","SHS","Quaqtaq",2001,10,27,"Quaqtaq","HL047",5,0.045355,0.609728,0.249917,0.047742,0.047258,"HBSC"
"S_20_00817","NQWW_01_07","SHS","Quaqtaq",2001,10,26,"Quaqtaq","HL016",5,0.053617,0.700766,0.039194,0.039443,0.16698,"HBSC"
"S_20_00818","NQWW_01_08","SHS","Quaqtaq",2001,10,26,"Quaqtaq","HL003",5,0.066779,0.516401,0.341551,0.061469,0.013801,"HBSC"
"S_20_00820","NQWW_01_20","SHS","Quaqtaq",2001,11,2,"Quaqtaq","HL003",5,0.0374,0.516965,0.313743,0.062904,0.068988,"HBSC"
"S_20_00822","NQWW_01_22","SHS","Quaqtaq",2001,11,2,"Quaqtaq","HL003",5,0.043223,0.108714,0.05468,0.041312,0.752071,"LGR"
"S_20_00828","ARCI_99_1028","NWH","Chesterfield_Inlet",1999,9,18,"Chesterfield Inlet","HL012",5,0.040661,0.646896,0.154481,0.104154,0.053808,"HBSC"
"S_20_00829","ARCI_99_1025","NWH","Chesterfield_Inlet",1999,9,22,"Chesterfield Inlet","HL003",5,0.062323,0.614669,0.210297,0.079513,0.033198,"HBSC"
"S_20_00830","ARCI_99_1026","NWH","Chesterfield_Inlet",1999,9,22,"Chesterfield Inlet","HL003",5,0.041311,0.665277,0.188924,0.039619,0.064869,"HBSC"
"S_20_00831","ARCI_99_1009","NWH","Chesterfield_Inlet",1999,9,18,"Chesterfield Inlet","HL003",5,0.063805,0.590339,0.2716,0.074245,1e-05,"HBSC"
"S_20_00832","ARCI_99_1004","NWH","Chesterfield_Inlet",1999,9,22,"Chesterfield Inlet","HL003",5,0.079872,0.646707,0.146596,0.09494,0.031885,"HBSC"
"S_20_00833","ARCI_99_1001","NWH","Chesterfield_Inlet",1999,NA,NA,"Chesterfield Inlet","HL019",5,0.064171,0.67309,0.186805,0.05703,0.018903,"HBSC"
"S_20_00834","ARCI_99_1003","NWH","Chesterfield_Inlet",1999,NA,NA,"Chesterfield Inlet","HL003",5,0.05252,0.599739,0.260072,0.047198,0.040471,"HBSC"
"S_20_00835_rep_1","NA99_DL_00_181","SEH","Nastapoka_River",1999,NA,NA,NA,"HL009",5,0.142789,0.48269,0.330599,0.004622,0.039299,"HBSC"
"S_20_00836","NA99_DL_00_184","SEH","Nastapoka_River",1999,NA,NA,NA,"HL009",5,0.065924,0.558738,0.251994,0.02084,0.102504,"HBSC"
"S_20_00849_rep","NQDL_3101","UNG","Anse_Inussujuaq_Misaqvik",2001,7,20,"Kangirsuk","HL011",5,0.058537,0.623821,0.235895,0.010053,0.071694,"HBSC"
"S_20_00851_rep","NQDL_3103","UNG","Kangirsuk",2001,6,12,"Kangirsuk","HL003",5,0.03145,0.601121,0.256885,0.073085,0.037459,"HBSC"
"S_20_00852_rep","NQDL_3104","UNG","Kangirsuk",2001,6,12,"Kangirsuk","HL001",5,0.076583,0.576586,0.225603,0.075506,0.045722,"HBSC"
"S_20_00853","NQDL_3261","UNG","Tasiujaq",2001,7,20,"Tasiujaq","HL003",5,0.075146,0.598732,0.209476,0.063607,0.05304,"HBSC"
"S_20_00854_rep","NQDL_3263","UNG","Tasiujaq",2001,7,18,"Tasiujaq","HL010",5,0.056829,0.604748,0.111146,0.047848,0.17943,"HBSC"
"S_20_00855","NQDL_3265","UNG","Tasiujaq",2001,7,22,"Tasiujaq","HL003",5,0.040352,0.569958,0.260856,0.07721,0.051623,"HBSC"
"S_20_00856","NQDL_3288","UNG","Tasiujaq",2001,7,16,"Kuujjuaq","HL003",5,0.022377,0.521771,0.317122,0.059827,0.078903,"HBSC"
"S_20_00857_rep","NQDL_3297","UNG","Dry_Bay",2001,7,19,"Kuujjuaq","HL011",5,0.043625,0.630051,0.25345,0.058106,0.014767,"HBSC"
"S_20_00860","NQDL_00103","NEH","Akulivik",2001,10,9,"Akulivik","HL001",5,0.081293,0.58409,0.269362,0.065244,1e-05,"HBSC"
"S_20_00861_rep","NQDL_00104","NEH","Akulivik",2001,10,9,"Akulivik","HL001",5,0.029098,0.539906,0.269496,0.052942,0.108557,"HBSC"
"S_20_00862_rep","NQDL_00155","SEH","Kuujjuarapik",2001,6,13,"Kuujjuaraapik","HL049",5,1e-05,1e-05,0.068882,1e-05,0.931088,"LGR"
"S_20_00865","NQDL_0060","SHS","Baie_Kuuttaap_Kangirsunga",2001,7,14,"Kangiqsujuaq","HL001",5,0.018037,0.431285,0.351753,0.069197,0.129728,"HBSC"
"S_20_00866","NQDL_0065","SHS","Salluit_Fjord",2001,6,26,"Salluit","HL001",5,0.063008,0.583674,0.228475,0.023868,0.100975,"HBSC"
"S_20_00867","NQDL_3019","SHS","Cap_Uqammaq",2001,6,25,"Kangiqsujuaq","HL003",5,0.072415,0.623116,0.194809,0.068134,0.041526,"HBSC"
"S_20_00868","NQDL_3029","SHS","Kangiqsujuaq",2001,7,30,"Kangiqsujuaq","HL003",5,0.017644,0.607265,0.289037,0.050603,0.035451,"HBSC"
"S_20_00870","NQDL_3036","SHS","Kangiqsujuaq",2001,6,25,"Kangiqsujuaq","HL051",5,0.059202,0.631878,0.201413,0.05677,0.050737,"HBSC"
"S_20_00871","NQDL_3040","SHS","Kangiqsujuaq",2001,7,16,"Kangiqsujuaq","HL001",5,0.050907,0.510995,0.319872,0.047281,0.070944,"HBSC"
"S_20_00872","NQDL_3046","SHS","Digges_Islands",2001,10,20,"Puvirnituq","HL003",5,0.027142,0.134946,0.085589,0.036824,0.715498,"LGR"
"S_20_00878","NQWW_01_13","SHS","Digges_Islands",2001,10,23,"Ivujivik","HL003",5,0.073924,0.602387,0.253359,0.043024,0.027306,"HBSC"
"S_20_00881","NQWW_01_16","SHS","Digges_Islands",2001,10,26,"Ivujivik","HL001",5,0.046939,0.562389,0.271679,0.103394,0.0156,"HBSC"
"S_20_00884","NQWW_01_19","SHS","Nuvuk_Islands",2001,10,8,"Ivujivik","HL001",5,0.048965,0.579513,0.230526,0.114642,0.026355,"HBSC"
"S_20_00885","DL_KUU04_1","SHS","Kangiqsujuaq",2004,7,12,"Kuujjuaq","HL001",5,0.109812,0.390125,0.421321,0.026624,0.052119,"HBSC"
"S_20_00890","NQ04_6169","SHS","Baie_Qarliik",2004,7,2,"Salluit","HL003",5,0.069699,0.505541,0.292889,0.046508,0.085362,"HBSC"
"S_20_00891","NQ04_6170","SHS","Salluit",2004,6,29,"Salluit","HL003",5,0.043526,0.602237,0.280608,0.030527,0.043101,"HBSC"
"S_20_00892","NQ04_6173","SHS","Baie_Nanuttuvik",2004,7,30,"Salluit","HL003",5,0.024323,0.590864,0.286612,0.017527,0.080673,"HBSC"
"S_20_00894","NQ04_6511","SHS","Ivujivik",2004,10,12,"Ivujivik","HL001",5,0.090016,0.453469,0.3144,0.102618,0.039498,"HBSC"
"S_20_00895","NQ04_6513","SHS","Ivujivik",2004,10,19,"Ivujivik","HL022",5,0.067133,0.554377,0.260759,0.108527,0.009204,"HBSC"
"S_20_00897","NQ04_6524","SHS","Baie_Nanuttuvik",2004,7,1,"Salluit","HL001",5,0.067838,0.444664,0.377823,0.029462,0.080213,"HBSC"
"S_20_00898","NQ04_6525","SHS","Salluit",2004,7,1,"Salluit","HL053",5,0.040155,0.437368,0.393206,0.056564,0.072707,"HBSC"
"S_20_00899","NQ04_6526","SHS","Falaise_Naujaat_Akulliq",2004,7,1,"Salluit","HL001",5,0.048332,0.463826,0.281901,0.058456,0.147484,"HBSC"
"S_20_00901","DL2003_S_17905","SEH","Little_Whale_River_Qilalugarsiuviup_Kuunga",2003,7,23,"DFO_MPO","HL001",5,0.058032,0.025201,0.094749,1e-05,0.822008,"LGR"
"S_20_00903","DL2003_S_1855","SEH","Little_Whale_River_Qilalugarsiuviup_Kuunga",2003,7,27,"DFO_MPO","HL003",5,0.022711,0.393438,0.223933,1e-05,0.359908,"HBSC"
"S_20_00904","DL2003_S_5059","SEH","Little_Whale_River_Qilalugarsiuviup_Kuunga",2003,7,27,"DFO_MPO","HL003",5,0.066785,0.531418,0.227891,0.093649,0.080257,"HBSC"
"S_20_00905","NQ03_5015","SHS","Falaise_Innijuaq",2003,6,28,"Salluit","HL011",5,0.079116,0.665338,0.165097,0.048119,0.04233,"HBSC"
"S_20_00907","NQ03_5049","SHS","Pointe_Akulivik",2003,6,26,"Kangiqsujuaq","HL053",5,0.040549,0.483675,0.31565,0.043666,0.11646,"HBSC"
"S_20_00908","NQ03_5051","SHS","Pointe_Akulivik",2003,6,27,"Kangiqsujuaq","HL001",5,0.05765,0.597831,0.204892,0.078529,0.061098,"HBSC"
"S_20_00912","NQ03_5056","SHS","Kangiqsujuaq",2003,6,15,"Kangiqsujuaq","HL004",5,0.035013,0.582923,0.255218,0.038064,0.088781,"HBSC"
"S_20_00913","NQ03_5057","SHS","Kangiqsujuaq",2003,7,10,"Kangiqsujuaq","HL012",5,0.071568,0.607801,0.282775,0.033855,0.004,"HBSC"
"S_20_00914","NQ03_5058","SHS","Kangiqsujuaq",2003,6,22,"Kangiqsujuaq","HL014",5,0.041032,0.608912,0.25447,0.026195,0.069391,"HBSC"
"S_20_00915","NQ03_5108","SHS","Camp_Imilimmiut",2003,6,16,"Kangirsuk","HL001",5,0.135547,0.539372,0.281947,0.041797,0.001336,"HBSC"
"S_20_00916_rep","NQ03_5112","UNG","Kangirsuk",2003,6,19,"Kangirsuk","HL001",5,0.023364,0.596618,0.159067,0.073921,0.147031,"HBSC"
"S_20_00917","NQ03_5113","UNG","Kangirsuk",2003,6,19,"Kangirsuk","HL001",5,0.015966,0.512869,0.297563,0.073284,0.100318,"HBSC"
"S_20_00918_rep","NQ03_5115","UNG","Kangirsuk",2003,6,19,"Kangirsuk","HL054",5,0.029357,0.621013,0.252224,0.036689,0.060717,"HBSC"
"S_20_00920","NQ03_5118","SHS","Camp_Imilimmiut",2003,6,16,"Kangirsuk","HL001",5,0.084083,0.63249,0.210291,0.045965,0.027172,"HBSC"
"S_20_00921_rep","NQ03_5120","UNG","Kangirsuk",2003,6,19,"Kangirsuk","HL008",5,0.028725,0.537875,0.326892,0.019331,0.087176,"HBSC"
"S_20_00924","ARRB_02_1177","NHB","Repulse_Bay",2002,8,3,"Naujaat","HL016",5,0.070105,0.511568,0.350544,0.067773,1e-05,"HBSC"
"S_20_00925","ARRB_02_1179","NHB","Repulse_Bay_Hurd Channel",2002,9,13,"Naujaat","HL001",5,0.069282,0.550553,0.250885,0.069615,0.059664,"HBSC"
"S_20_00926","ARRB_02_1186","NHB","Repulse_Bay_Lyon Inlet",2002,9,NA,"Naujaat","HL055",5,0.022664,0.641706,0.215346,0.065208,0.055076,"HBSC"
"S_20_00927","ARRB_02_1187","NHB","Repulse_Bay_Nauyad",2002,9,22,"Naujaat","HL003",5,0.04533,0.604447,0.252144,0.084758,0.013321,"HBSC"
"S_20_00928","FMMM_CH_009","NHB","Coral_Harbour",1993,7,26,"Coral Harbour","HL013",5,0.039597,0.646311,0.25139,0.038328,0.024374,"HBSC"
"S_20_00929","FMMM_CH_012","NHB","Coral_Harbour",1993,7,27,"Coral Harbour","HL009",5,0.06576,0.68813,0.196016,0.043553,0.006541,"HBSC"
"S_20_00930","FMMM_CH_017","NHB","Coral_Harbour",1993,7,26,"Coral Harbour","HL018",5,0.073039,0.517347,0.277967,0.094699,0.036948,"HBSC"
"S_20_00943","B96_253_COH","NHB","Coral_Harbour",1996,9,11,"Coral Harbour","HL012",5,0.07774,0.597826,0.216215,0.079631,0.028587,"HBSC"
"S_20_00944","B96_254_COH","NHB","Coral_Harbour",1996,9,25,"Coral Harbour","HL001",5,0.035286,0.414243,0.258226,0.177776,0.114469,"HBSC"
"S_20_00945","B96_255_COH","NHB","Coral_Harbour",1996,9,25,"Coral Harbour","HL003",5,0.095228,0.423797,0.312382,0.144693,0.0239,"HBSC"
"S_20_00948","B96_258_COH","NHB","Coral_Harbour",1996,9,16,"Coral Harbour","HL057",5,0.118467,0.359423,0.279008,0.204641,0.038461,"HBSC"
"S_20_00951","ARRB_01_1101","NHB","Repulse_Bay_White Island",2001,8,27,"Naujaat","HL019",5,0.086808,0.441062,0.466107,0.006012,1e-05,"HBSC"
"S_20_00952","ARRB_02_1162","NHB","Repulse_Bay",2002,9,22,"Naujaat","HL003",5,0.030298,0.663342,0.192811,0.063417,0.050131,"HBSC"
"S_20_00954","ARRB_01_1103","NHB","Repulse_Bay_White Island",2001,8,27,"Naujaat","HL020",5,0.03699,0.538983,0.308598,0.115419,1e-05,"HBSC"
"S_20_00955","ARRB_01_1116","NHB","Repulse_Bay_Near Tikiraq",2001,9,3,"Naujaat","HL060",5,0.073204,0.623805,0.260354,0.037441,0.005197,"HBSC"
"S_20_00957","ARRB_01_1146","NHB","Repulse_Bay",2001,9,20,"Naujaat","HL001",5,0.101321,0.582496,0.232133,0.036091,0.04796,"HBSC"
"S_20_00959","ARRB_02_1119","NHB","Repulse_Bay",2002,9,22,"Naujaat","HL003",5,0.054849,0.59473,0.247465,0.048534,0.054422,"HBSC"
"S_20_00960","NQ04_6158","SHS","Quaqtaq",2004,11,1,"Quaqtaq","HL002",5,0.035722,0.130488,0.089971,1e-05,0.743809,"LGR"
"S_20_00961","NQ04_6165","SHS","Quaqtaq",2004,10,28,"Quaqtaq","HL001",5,0.079492,0.502765,0.250128,0.073455,0.094161,"HBSC"
"S_20_00962","NQ04_6166","SHS","Baie_Qarliik",2004,6,5,"Salluit","HL003",5,0.005641,0.554913,0.322697,1e-05,0.116739,"HBSC"
"S_20_00964","NQ04_6021","SHS","Kangiqsujuaq",2004,6,25,"Kangiqsujuaq","HL003",5,0.074906,0.569786,0.319781,1e-05,0.035518,"HBSC"
"S_20_00965","NQ04_6024","SHS","Kangiqsujuaq",2004,6,24,"Kangiqsujuaq","HL003",5,0.076891,0.541939,0.256455,0.021117,0.103599,"HBSC"
"S_20_00966","NQ04_6025","SHS","Kangiqsujuaq",2004,7,15,"Kangiqsujuaq","HL001",5,0.103225,0.420681,0.359453,0.011413,0.105228,"HBSC"
"S_20_00967","NQ04_6029","SHS","Kangiqsujuaq",2004,7,16,"Kangiqsujuaq","HL053",5,0.097935,0.411917,0.305065,0.078665,0.106418,"HBSC"
"S_20_00968","NQ04_6061","SHS","Ivujivik",2004,10,6,"Akulivik","HL003",5,0.135256,0.440029,0.308942,0.092051,0.023721,"HBSC"
"S_20_00969","NQ04_6064","SHS","Ivujivik",2004,10,20,"Akulivik","HL001",5,0.091634,0.426681,0.340508,0.094753,0.046423,"HBSC"
"S_20_00974","NQ04_6157","SHS","Quaqtaq",2004,10,28,"Quaqtaq","HL001",5,0.095672,0.586938,0.205799,0.072703,0.038887,"HBSC"
"S_20_00975","NQ04_6007","SHS","Quaqtaq",2004,10,22,"Kuujjuaq","HL002",5,0.088292,0.058525,0.137572,0.025447,0.690164,"LGR"
"S_20_00976","NQ04_6009","SHS","Pointe_Naujaat",2004,6,15,"Quaqtaq","HL008",5,0.118095,0.567626,0.268993,0.008995,0.036291,"HBSC"
"S_20_00977","NQ04_6011","SHS","Pointe_Naujaat",2004,6,15,"Quaqtaq","HL015",5,0.007917,0.635408,0.337191,0.004917,0.014567,"HBSC"
"S_20_00978","NQ04_6013","SHS","Quaqtaq",2004,10,13,"Quaqtaq","HL049",5,0.044923,1e-05,0.097294,1e-05,0.857763,"LGR"
"S_20_00982","NQ03_5047","SHS","Kangiqsujuaq",2003,6,18,"Kangiqsujuaq","HL011",5,0.073078,0.501818,0.25973,0.033913,0.131461,"HBSC"
"S_20_00983","NQ03_5048","SHS","Kangiqsujuaq",2003,6,29,"Kangiqsujuaq","HL003",5,0.094467,0.526855,0.203243,0.098485,0.07695,"HBSC"
"S_20_00987","NQ04_5196","SHS","Ivujivik",2004,7,2,"Akulivik","HL003",5,0.112659,0.531808,0.293705,0.037591,0.024237,"HBSC"
"S_20_00988","NQ04_5197","SHS","Ivujivik",2004,7,7,"Akulivik","HL003",5,0.087571,0.502558,0.273587,0.010356,0.125929,"HBSC"
"S_20_00989","NQ04_6001","SHS","Quaqtaq",2004,10,18,"Quaqtaq","HL055",5,0.04137,0.126251,0.083725,0.039876,0.708779,"LGR"
"S_20_00990","NQ04_6004","SHS","Quaqtaq",2004,10,18,"Quaqtaq","HL049",5,0.010588,1e-05,1e-05,0.026032,0.96336,"LGR"
"S_20_00991","NQ04_6006","SHS","Quaqtaq",2004,10,18,"Quaqtaq","HL049",5,0.07744,1e-05,0.029106,1e-05,0.893434,"LGR"
"S_20_00992","NQ03_5032","SHS","Nuvuk",2003,6,18,"Quaqtaq","HL008",5,0.106507,0.452195,0.33239,0.056139,0.052769,"HBSC"
"S_20_00993","NQ03_5033","SHS","Nuvuk",2003,6,23,"Quaqtaq","HL008",5,0.116466,0.485263,0.351915,0.017048,0.029308,"HBSC"
"S_20_00995","NQ03_5036","SHS","Pointe_Naujaat",2003,6,17,"Quaqtaq","HL003",5,0.064516,0.550368,0.277976,0.052054,0.055086,"HBSC"
"S_20_00996","NQ03_5037","SHS","Pointe_Naujaat",2003,6,16,"Quaqtaq","HL014",5,0.132622,0.445235,0.241703,0.051297,0.129143,"HBSC"
"S_20_00999","NQ03_5043","SHS","Pointe_Naujaat",2003,6,17,"Quaqtaq","HL001",5,0.086912,0.563113,0.250472,0.030345,0.069158,"HBSC"
"S_20_01000","NQ03_5044","SHS","Pointe_Naujaat",2003,6,17,"Quaqtaq","HL001",5,0.062803,0.569471,0.248677,0.052728,0.06632,"HBSC"
"S_20_01001","NQ03_5045","SHS","Kangiqsujuaq",2003,6,21,"Kangiqsujuaq","HL008",5,0.030732,0.542416,0.333841,0.020436,0.072575,"HBSC"
"S_20_01002","NQ03_4085","UNG","Kangirsuk",2003,6,15,"Kangirsuk","HL001",5,0.042341,0.48872,0.309279,0.084049,0.075611,"HBSC"
"S_20_01003","NQ03_4093","SHS","Tupirvikallak",2003,6,22,"Kangiqsujuaq","HL003",5,0.073276,0.51383,0.280621,0.05669,0.075583,"HBSC"
"S_20_01004","NQ03_5000","SHS","Baie_Kangituuq",2003,6,8,"Ivujivik","HL001",5,0.085824,0.504918,0.204436,0.098925,0.105897,"HBSC"
"S_20_01009","NQ03_5026","SHS","Nuvuk",2003,6,18,"Quaqtaq","HL003",5,0.005502,0.549573,0.257102,0.066817,0.121006,"HBSC"
"S_20_01010","NQ03_5027","SHS","Nuvuk",2003,6,15,"Quaqtaq","HL003",5,0.080979,0.575742,0.304681,0.008761,0.029837,"HBSC"
"S_20_01012_rep","NQ03_5136","UNG","Tasiujaq",2003,6,30,"Tasiujaq","HL053",5,0.045487,0.611315,0.181422,0.07722,0.084556,"HBSC"
"S_20_01013_rep","NQ03_5140","UNG","Tasiujaq",2003,6,30,"Tasiujaq","HL003",5,0.068667,0.521816,0.259204,0.083388,0.066925,"HBSC"
"S_20_01014","NQ03_5142","UNG","Cap_Qalirusiq",2003,8,2,"Tasiujaq","HL003",5,0.027747,0.563733,0.3501,0.012627,0.045793,"HBSC"
"S_20_01016","NQ03_5200","SHS","Camp_Imilimmiut",2003,6,25,"Kuujjuaq","HL003",5,0.017463,0.60185,0.243485,0.046997,0.090206,"HBSC"
"S_20_01017","NQ03_5201","SHS","Camp_Imilimmiut",2003,6,25,"Kuujjuaq","HL001",5,0.097745,0.560654,0.30338,0.021327,0.016895,"HBSC"
"S_20_01018_rep","NQ03_5205","UNG","Kuujjuaq",2003,6,29,"Kuujjuaq","HL003",5,0.052102,0.633261,0.210876,0.058397,0.045365,"HBSC"
"S_20_01019","NQ03_5206","NEH","Puvirnituq",2003,9,18,"Puvirnituq","HL001",5,0.022431,0.582353,0.315753,1e-05,0.079453,"HBSC"
"S_20_01020","NQ03_5216","SHS","Camp_Imilimmiut",2003,NA,NA,"Kuujjuaq","HL001",5,0.033438,0.579787,0.271985,0.03041,0.084379,"HBSC"
"S_20_01021","NQDL_4041","SEH","Little_Whale_River_Qilalugarsiuviup_Kuunga",2002,7,24,"DFO_MPO","HL002",5,1e-05,1e-05,1e-05,0.007201,0.992769,"LGR"
"S_20_01022","ARHU97_062","NWH","Whale_Cove",1997,8,10,"Whale Cove","HL004",5,0.089183,0.515555,0.317633,0.077619,1e-05,"HBSC"
"S_20_01023","NQ03_00225","SHS","Quaqtaq",2003,7,29,"Tasiujaq","HL001",5,0.092425,0.409775,0.377998,0.02543,0.094372,"HBSC"
"S_20_01025","NQ03_00238","SHS","Quaqtaq",2003,NA,NA,"Tasiujaq","HL003",5,0.065509,0.487126,0.268224,0.059587,0.119553,"HBSC"
"S_20_01026","NQ03_00241","SHS","Camp_Imilimmiut",2003,6,17,"Tasiujaq","HL008",5,0.055258,0.524106,0.324401,0.01629,0.079945,"HBSC"
"S_20_01028","DL_5046","SHS","Kangiqsujuaq",2003,6,30,"Kangiqsujuaq","HL008",5,0.030503,0.5359,0.237686,0.076508,0.119403,"HBSC"
"S_20_01029","RB_B97_386","NHB","Repulse_Bay",1997,8,28,"Naujaat","HL003",5,0.106643,0.501406,0.334089,0.044682,0.01318,"HBSC"
"S_20_01030","RB_B97_390","NHB","Repulse_Bay",1997,8,23,"Naujaat","HL003",5,0.041626,0.591242,0.259765,0.055238,0.052129,"HBSC"
"S_20_01031","ARRB_06_06","NHB","Repulse_Bay",2006,8,12,"Naujaat","HL001",5,0.151653,0.355467,0.349689,0.10757,0.035621,"HBSC"
"S_20_01036","ARCD_00_1056","NHS","Cape_Dorset",2000,11,4,"Cape Dorset/Kinngait","HL001",5,0.110379,0.566255,0.231061,0.085313,0.006992,"HBSC"
"S_20_01038","ARCD_00_1062","NHS","Cape_Dorset",2000,11,1,"Cape Dorset/Kinngait","HL011",5,0.052958,0.598675,0.220457,0.032172,0.095738,"HBSC"
"S_20_01040","ARCD_00_1066","NHS","Cape_Dorset",2000,10,31,"Cape Dorset/Kinngait","HL012",5,0.071971,0.578742,0.29419,0.048977,0.006121,"HBSC"
"S_20_01042","ARCD_1999_1013","NHS","Cape_Dorset_Pakituaq",1999,11,10,"Cape Dorset/Kinngait","HL001",5,0.063243,0.628769,0.241402,0.066575,1e-05,"HBSC"
"S_20_01044","ARCH_99_1002","NHB","Coral_Harbour",1999,NA,NA,"Coral Harbour","HL003",5,0.06306,0.657059,0.255063,1e-05,0.024809,"HBSC"
"S_20_01045","ARCH_99_1004","NHB","Coral_Harbour",1999,8,17,"Coral Harbour","HL025",5,0.140915,0.511293,0.347771,1e-05,1e-05,"HBSC"
"S_20_01046","ARCH_99_1007","NHB","Coral_Harbour",1999,8,16,"Coral Harbour","HL001",5,0.087893,0.614383,0.253165,1e-05,0.044549,"HBSC"
"S_20_01047","ARCH_99_1008","NHB","Coral_Harbour",1999,8,16,"Coral Harbour","HL055",5,0.120084,0.49899,0.356989,0.023521,0.000416,"HBSC"
"S_20_01048","ARCH_99_1012","NHB","Coral_Harbour",1999,8,17,"Coral Harbour","HL003",5,0.040373,0.635328,0.271529,0.031786,0.020985,"HBSC"
"S_20_01049","ARCH_99_1013","NHB","Coral_Harbour",1999,NA,NA,"Coral Harbour","HL001",5,0.060901,0.52092,0.324981,0.059104,0.034094,"HBSC"
"S_20_01051","ARCH_99_1023","NHB","Coral_Harbour",1999,8,16,"Coral Harbour","HL003",5,0.031266,0.567343,0.274028,0.050683,0.07668,"HBSC"
"S_20_01061","ARCH_00_1050","NHB","Coral_Harbour_Nunaguluk",2000,9,2,"Coral Harbour","HL003",5,0.053557,0.627597,0.195903,0.112105,0.010838,"HBSC"
"S_20_01062","ARCH_00_1053","NHB","Coral_Harbour_Snafu",2000,8,24,"Coral Harbour","HL044",5,0.059758,0.544691,0.297021,0.07076,0.027771,"HBSC"
"S_20_01063","ARCH_00_1055","NHB","Coral_Harbour_Bear_Island",2000,8,25,"Coral Harbour","HL003",5,0.05455,0.607116,0.240662,0.038029,0.059642,"HBSC"
"S_20_01065","ARCH_00_1057","NHB","Coral_Harbour",2000,8,24,"Coral Harbour","HL003",5,0.070499,0.58261,0.228877,0.071986,0.046028,"HBSC"
"S_20_01066","ARCH_00_1058","NHB","Coral_Harbour",2000,8,24,"Coral Harbour","HL003",5,0.113229,0.533642,0.307333,0.032239,0.013557,"HBSC"
"S_20_01068","ARCH_00_1064","NHB","Coral_Harbour_Prairie_Point",2000,8,26,"Coral Harbour","HL011",5,0.07811,0.560264,0.279746,0.064667,0.017213,"HBSC"
"S_20_01071","ARCH_00_1071","NHB","Coral_Harbour_Snafu",2000,9,5,"Coral Harbour","HL003",5,0.036616,0.637184,0.268623,0.013582,0.043994,"HBSC"
"S_20_01072","ARCH_00_1072","NHB","Coral_Harbour_Nunaguluk",2000,8,22,"Coral Harbour","HL011",5,0.067713,0.665879,0.182664,0.036433,0.047312,"HBSC"
"S_20_01074","ARCI_99_1006","NWH","Chesterfield_Inlet",1999,9,22,"Chesterfield Inlet","HL065",5,0.016526,0.612107,0.222326,0.065943,0.083098,"HBSC"
"S_20_01076","ARCI_99_1012","NWH","Chesterfield_Inlet",1999,9,19,"Chesterfield Inlet","HL003",5,0.008025,0.642685,0.18264,0.092043,0.074606,"HBSC"
"S_20_01077","ARCI_99_1013","NWH","Chesterfield_Inlet",1999,9,18,"Chesterfield Inlet","HL001",5,0.05588,0.120986,0.159922,0.031576,0.631635,"LGR"
"S_20_01078","ARCI_99_1015","NWH","Chesterfield_Inlet_Fish Bay",1999,9,15,"Chesterfield Inlet","HL003",5,0.018732,0.649483,0.267453,0.043695,0.020637,"HBSC"
"S_20_01079","ARCI_99_1019","NWH","Chesterfield_Inlet",1999,9,NA,"Chesterfield Inlet","HL001",5,0.051993,0.50559,0.307233,0.094139,0.041045,"HBSC"
"S_20_01080","ARCI_99_1020","NWH","Chesterfield_Inlet",1999,9,NA,"Chesterfield Inlet","HL001",5,0.065575,0.64513,0.205687,0.080867,0.002741,"HBSC"
"S_20_01081","ARCI_99_1021","NWH","Chesterfield_Inlet",1999,9,22,"Chesterfield Inlet","HL003",5,0.067547,0.538757,0.259947,0.086331,0.047417,"HBSC"
"S_20_01083","NQDL_3054","SHS","Digges_Islands",2001,10,22,"Puvirnituq","HL001",5,0.044132,0.539366,0.238854,0.056711,0.120937,"HBSC"
"S_20_01084","NQDL_3055","SHS","Digges_Islands",2001,10,17,"Puvirnituq","HL011",5,0.094184,0.491811,0.299837,0.037585,0.076583,"HBSC"
"S_20_01086","NQDL_3057","SHS","Digges_Islands",2001,10,22,"Puvirnituq","HL001",5,0.064473,0.577025,0.215791,0.090465,0.052246,"HBSC"
"S_20_01087","NQDL_3058","SHS","Digges_Islands",2001,10,23,"Puvirnituq","HL001",5,0.028238,0.621624,0.236399,0.060861,0.052879,"HBSC"
"S_20_01088","NQDL_3059","SHS","Digges_Islands",2001,10,23,"Puvirnituq","HL012",5,0.057273,0.575144,0.287313,0.025656,0.054615,"HBSC"
"S_20_01090","NQDL_3061","SHS","Nuvuk_Islands",2001,10,21,"Puvirnituq","HL001",5,0.069626,1e-05,1e-05,1e-05,0.930344,"LGR"
"S_20_01091","NQDL_3062","SHS","Nuvuk_Islands",2001,10,21,"Puvirnituq","HL002",5,0.066366,0.093266,0.135177,1e-05,0.705181,"LGR"
"S_20_01092","NQDL_3063","SHS","Digges_Islands",2001,10,23,"Puvirnituq","HL066",5,0.053015,0.600907,0.186904,0.048709,0.110465,"HBSC"
"S_20_01093","NQDL_3064","SHS","Digges_Islands",2001,10,23,"Puvirnituq","HL048",5,0.069066,0.564371,0.252662,0.010066,0.103834,"HBSC"
"S_20_01094","NQDL_3065","SHS","Digges_Islands",2001,10,23,"Puvirnituq","HL020",5,0.075656,0.540536,0.286834,0.059789,0.037185,"HBSC"
"S_20_01095_rep","NQDL_3310","NEH","Cape_Smith",2001,10,15,"Puvirnituq","HL020",5,0.036762,0.585064,0.252064,0.080048,0.046062,"HBSC"
"S_20_01096_rep","NQDL_3311","NEH","Cape_Smith",2001,10,15,"Puvirnituq","HL002",5,1e-05,0.050427,0.084727,0.028744,0.836092,"LGR"
"S_20_01097","NQDL_3312","NEH","Cape_Smith",2001,10,15,"Puvirnituq","HL001",5,0.03091,0.502066,0.26406,0.069431,0.133533,"HBSC"
"S_20_01098","NQDL_3313","NEH","Cape_Smith",2001,10,15,"Puvirnituq","HL003",5,0.068134,0.380302,0.186511,0.275355,0.089699,"HBSC"
"S_20_01099","NQDL_3314","NEH","Akulivik",2001,10,15,"Puvirnituq","HL067",5,0.046759,0.574316,0.219559,0.09744,0.061926,"HBSC"
"S_20_01101","NQDL_3047","SHS","Digges_Islands",2001,10,20,"Puvirnituq","HL008",5,0.119848,0.443924,0.346522,0.036783,0.052924,"HBSC"
"S_20_01103","NQDL_3049","SHS","Digges_Islands",2001,10,22,"Puvirnituq","HL001",5,0.00272,0.135087,0.124645,0.029863,0.707685,"LGR"
"S_20_01105","NQDL_3051","SHS","Digges_Islands",2001,10,20,"Puvirnituq","HL001",5,0.120344,0.525155,0.197419,0.04655,0.110533,"HBSC"
"S_20_01106","NQDL_3052","SHS","Digges_Islands",2001,10,20,"Puvirnituq","HL001",5,0.078456,0.617442,0.240457,0.017862,0.045783,"HBSC"
"S_20_01110","B94_167","NHS","Lake_Harbour",1994,11,1,"Kimmirut","HL015",5,0.024773,0.5983,0.203717,0.067004,0.106206,"HBSC"
"S_20_01113","NQWW_01_03","SHS","Quaqtaq",2001,10,24,"Quaqtaq","HL003",5,0.08959,0.552326,0.215147,0.089838,0.0531,"HBSC"
"S_20_01119","DL17_263","SEH","Kuujjuarapik",2017,7,24,"Kuujjuaraapik","HL069",5,0.003904,0.020282,1e-05,0.037671,0.938133,"LGR"
"S_20_01124","DL98_503","SEH","Nastapoka_River",1998,8,9,"Inukjuak","HL009",5,0.040198,0.569801,0.219454,0.07716,0.093387,"HBSC"
"S_20_01126","DL_3143","SEH","Little_Whale_River_Qilalugarsiuviup_Kuunga",2001,8,7,"Kuujjuaraapik","HL002",5,0.102766,0.062571,0.094291,1e-05,0.740363,"LGR"
"S_20_01134","DL99_152","SEH","Umiujaq",1999,8,7,"Umiujaq","HL019",5,0.036871,0.589602,0.186691,0.122295,0.064542,"HBSC"
"S_20_01135","GW94_03","SEH","Kuujjuarapik",1994,7,25,"Kuujjuaraapik","HL071",5,0.033872,0.108884,0.051134,0.040209,0.7659,"LGR"
"S_20_01136","DLUD_95_4","SEH","Lac_Tasiujaq",1995,7,15,NA,"HL001",5,0.046634,0.648772,0.073118,0.040022,0.191454,"HBSC"
"S_20_01137","DL10_58","SEH","Inukjuak",2010,7,3,"Inukjuak","HL019",5,0.054717,0.592138,0.158976,0.07968,0.114488,"HBSC"
"S_20_01139","DL14_183","SHS","Ivujivik",2015,11,2,"Ivujivik",NA,5,0.077794,0.550822,0.32324,0.002539,0.045604,"HBSC"
"S_20_01144","NQ03_5074","JAM","James_Bay",2003,7,22,"Kuujjuaraapik","HL038",5,0.010558,1e-05,1e-05,0.989412,1e-05,"JAM"
"S_20_01145","DL09_171","SEH","Inukjuak",2009,6,22,"Inukjuak","HL001",5,0.078214,0.528264,0.252407,0.104143,0.036971,"HBSC"
"S_20_01147","DL97_124","SEH","Inukjuak",1997,7,24,"Inukjuak","HL001",5,0.141136,0.675136,0.078904,0.011056,0.093768,"HBSC"
"S_20_01154","NQ03_5071","JAM","James_Bay",2003,7,22,"Kuujjuaraapik","HL070",5,1e-05,0.055466,1e-05,0.944504,1e-05,"JAM"
"S_20_01210","DL17_235","SEH","Inukjuak",2017,7,2,"Inukjuak","HL001",5,0.092331,0.568415,0.159916,0.098327,0.08101,"HBSC"
"S_20_01211","DL17_267","SEH","Kuujjuarapik",2018,8,3,"Kuujjuaraapik","HL008",5,0.066321,0.603267,0.119719,0.076079,0.134615,"HBSC"
"S_20_01214","ARNR_05_05","SWH","Nelson_River",2005,7,30,"Churchill","HL003",5,0.060442,0.587192,0.312523,0.023611,0.016233,"HBSC"
"S_20_01418","ARPG_02_1181","CSB","Pangnirtung_Cumberland_Sound",2002,7,22,"Pangnirtung","HL022",5,1e-05,1e-05,0.99996,1e-05,1e-05,"CSB"
"S_20_01618","DL_9025","SEH","Umiujaq",2007,7,1,"Umiujaq","HL001",5,0.061174,0.623395,0.114394,0.081321,0.119717,"HBSC"
"S_20_01620","DL10_52","SEH","Inukjuak",2010,7,4,"Inukjuak","HL019",5,0.058954,0.530766,0.281325,0.033587,0.095367,"HBSC"
"S_20_01621","DL97_118","SEH","Inukjuak",1997,8,4,"Inukjuak","HL009",5,0.033139,0.561955,0.232692,0.108109,0.064104,"HBSC"
"S_20_01622","DL17_264","SEH","Kuujjuarapik",2017,7,24,"Kuujjuaraapik","HL001",5,0.029451,0.090483,0.040384,0.036183,0.8035,"LGR"
"S_20_01623","GW94_13","SEH","Kuujjuarapik",1994,7,25,"Kuujjuaraapik","HL017",5,0.037926,0.038886,0.074473,0.020746,0.82797,"LGR"
"S_20_01624","DLUD_11","SEH","Lac_Tasiujaq",1995,7,14,NA,"HL018",5,0.038135,0.64146,0.060291,0.112743,0.147372,"HBSC"
"S_20_01626","DL_9023","SEH","Lac_Tasiujaq",2008,7,9,"Umiujaq","HL009",5,0.02035,0.597687,0.142022,0.069532,0.17041,"HBSC"
"S_20_01628","DL17_231","SEH","Inukjuak",2007,7,2,"Inukjuak","HL003",5,0.050267,0.70642,0.14429,0.04847,0.050554,"HBSC"
"S_20_01629","DL09_174","SEH","Lac_Tasiujaq",2009,7,25,"Inukjuak","HL009",5,0.088442,0.721568,1e-05,0.069055,0.120925,"HBSC"
"S_20_01630","DL09_185","SEH","Lac_Tasiujaq",2009,7,21,"Umiujaq","HL009",5,0.021365,0.601963,0.134704,0.107251,0.134717,"HBSC"
"S_20_01632","DL15_266","SEH","Kuujjuarapik",2015,7,23,"Kuujjuaraapik","HL002",5,1e-05,1e-05,1e-05,1e-05,0.99996,"LGR"
"S_20_01635","DL16_242","SEH","Umiujaq",2017,7,18,"Umiujaq","HL022",5,0.110438,0.429045,0.255377,0.115848,0.089292,"HBSC"
"S_20_01636","DL_8156","SEH","Baie_Kilualuk",2008,7,10,"Umiujaq","HL010",5,0.101211,0.499422,0.327745,1e-05,0.071612,"HBSC"
"S_20_01637","DL_8155","SEH","Umiujaq",2008,7,10,"Umiujaq","HL009",5,0.040068,0.648177,0.129431,0.065273,0.117051,"HBSC"
"S_20_01638","DL_6090","SEH","Baie_Kilualuk",2007,8,8,"Inukjuak","HL001",5,0.063542,0.791215,1e-05,0.040517,0.104715,"HBSC"
"S_20_01639","DL15_279","SEH","Kuujjuarapik",2015,7,10,"Kuujjuaraapik","HL002",5,0.001646,1e-05,1e-05,1e-05,0.998324,"LGR"
"S_20_01706","DL09_183","SEH","Lac_Tasiujaq",2009,7,7,"Umiujaq","HL010",5,0.049538,0.57751,0.175254,0.117925,0.079773,"HBSC"
"S_20_01707","DL_9262","SEH","Baie_Kilualuk",2007,8,5,"Inukjuak","HL001",5,0.065989,0.5956,0.125193,0.094171,0.119047,"HBSC"
"S_20_01708","DL_9267","SEH","Baie_Kilualuk",2007,8,8,"Inukjuak","HL001",5,0.062467,0.76816,1e-05,0.052822,0.116541,"HBSC"
"S_20_01709","DL_10063","SEH","Lac_Tasiujaq",2009,7,7,"Umiujaq","HL018",5,0.091558,0.614844,0.109253,0.068994,0.115351,"HBSC"
"S_20_01762","DL2019_004_F","SLE","Sainte_Flavie",2019,7,4,"Saint_Laurent","HL099",5,0.99996,1e-05,1e-05,1e-05,1e-05,"SLE"
"S_20_01763","DL2018_102","SLE","Cap_aux_Oies",2018,6,2,"Saint_Laurent","HL099",5,0.99996,1e-05,1e-05,1e-05,1e-05,"SLE"
"S_20_01764","DL2018_001","SLE","Ile_Verte",2018,5,20,"Saint_Laurent","HL099",5,0.99996,1e-05,1e-05,1e-05,1e-05,"SLE"
"S_20_01765","IN94_07","SEH","Nastapoka_River",1994,8,NA,"Inukjuak","HL019",5,0.046864,0.600778,0.207243,0.084086,0.06103,"HBSC"
"S_20_01766","DL2017_004","SLE","Saint_Ulric",2017,10,23,"Saint_Laurent","HL099",5,0.99996,1e-05,1e-05,1e-05,1e-05,"SLE"
"S_20_01767","DL2017_005","SLE","Saint_Ulric",2017,11,28,"Saint_Laurent","HL099",5,0.99996,1e-05,1e-05,1e-05,1e-05,"SLE"
"S_20_01769","DL2009_002","SLE","Tadoussac",2009,7,29,"Saint_Laurent","HL050",5,0.99996,1e-05,1e-05,1e-05,1e-05,"SLE"
"S_20_01771","DL2009_108","SLE","Ile_Verte",2009,10,17,"Saint_Laurent","HL099",5,0.99996,1e-05,1e-05,1e-05,1e-05,"SLE"
"S_20_01774","DL2009_005","SLE","Pointe_au_Pere",2009,9,15,"Saint_Laurent",NA,5,0.921937,1e-05,1e-05,1e-05,0.078033,"SLE"
"S_20_01775","DL2009_102","SLE","Riviere_Ouelle",2009,7,1,"Saint_Laurent","HL049",5,0.99996,1e-05,1e-05,1e-05,1e-05,"SLE"
"S_20_01781","DL2009_104","SLE","LAnse_au_Loup",2009,7,12,"Terre_Neuve","HL024",5,0.040927,0.499693,0.31408,0.045802,0.099498,"HBSC"
"S_20_01783_rep","DL2015_003_F","SLE","Sainte_Flavie",2015,7,17,"Saint_Laurent","HL102",5,0.99996,1e-05,1e-05,1e-05,1e-05,"SLE"
"S_20_01784","IN94_06","SEH","Nastapoka_River",1994,8,NA,"Inukjuak","HL019",5,0.005531,0.556811,0.211176,0.085569,0.140913,"HBSC"
"S_20_01785","DL2017_001","SLE","Ile_aux_Basques",2017,5,20,"Saint_Laurent","HL099",5,0.99996,1e-05,1e-05,1e-05,1e-05,"SLE"
"S_20_01787","DL2018_002","SLE","Petit_Matane",2018,7,10,"Saint_Laurent","HL099",5,0.99996,1e-05,1e-05,1e-05,1e-05,"SLE"
"S_20_01788","Dl2017_007","SLE","Grand_Metis",2017,8,1,"Saint_Laurent","HL099",5,0.99996,1e-05,1e-05,1e-05,1e-05,"SLE"
"S_20_01791","IN94_08","SEH","Nastapoka_River",1994,8,NA,"Inukjuak","HL008",5,0.074805,0.513753,0.216606,0.082534,0.112302,"HBSC"
"S_20_01792","IN94_01","SEH","Nastapoka_River",1994,8,NA,"Inukjuak","HL009",5,0.08125,0.622019,0.114659,0.070986,0.111087,"HBSC"
"S_20_01794","DL2018_105","SLE","Riviere_Ouelle",2018,7,30,"Saint_Laurent","HL010",5,0.999957,1e-05,1.3e-05,1e-05,1e-05,"SLE"
"S_20_01797","DL2018_004","SLE","Baie_Sainte_Catherine",2018,7,29,"Saint_Laurent","HL099",5,0.99996,1e-05,1e-05,1e-05,1e-05,"SLE"
"S_20_01801","DLN01_14","SEH","Nastapoka_Sound",2001,8,7,"Inukjuak","HL013",5,0.040089,0.554361,0.256271,0.058037,0.091242,"HBSC"
"S_20_01803","DLN01_04","SEH","Nastapoka_Sound",2001,8,3,"Inukjuak","HL009",5,0.060879,0.551835,0.209824,0.065714,0.111747,"HBSC"
"S_20_01863","SAL_90_1","SEH","Kuujjuarapik",1990,NA,NA,NA,"HL003",5,0.04463,0.639826,0.206251,0.058717,0.050575,"HBSC"
"S_20_01864","GW94_15","SEH","Kuujjuarapik",1994,7,25,"Kuujjuaraapik","HL071",5,0.024645,0.040539,1.4e-05,1e-05,0.934793,"LGR"
"S_20_01865","I_DL_90_8","SEH","Kuujjuarapik",1990,NA,NA,NA,"HL020",5,1e-05,0.050909,0.102805,0.063047,0.783229,"LGR"
"S_20_01866","WA94_01","SHS","Baie_Kangiararjuk",1994,10,19,"Kangiqsujuaq","HL003",5,0.038786,0.589665,0.209417,0.077854,0.084279,"HBSC"
"S_20_01873","KUUJJUARAPIK_93_8","SEH","Kuujjuarapik",1993,NA,NA,NA,"HL022",5,0.070124,0.520912,0.286367,0.109228,0.013368,"HBSC"
"S_20_01874","TA94_10","UNG","Baie_Ungavatuaq",1994,8,16,"Tasiujaq","HL056",5,0.039422,0.435322,0.365024,0.019833,0.140398,"HBSC"
"S_20_01878","TA94_08","UNG","Baie_Ungavatuaq",1994,8,16,"Tasiujaq","HL003",5,0.022734,0.635285,0.28364,0.058331,1e-05,"HBSC"
"S_20_01882","WA94_20","SHS","Kangirsuapik",1994,10,17,"Kangiqsujuaq","HL003",5,0.014747,0.591443,0.285163,0.039071,0.069577,"HBSC"
"S_20_01883","WA94_10","SHS","Kangirsuapik",1994,10,17,"Kangiqsujuaq","HL003",5,0.034614,0.661677,0.24859,0.049162,0.005956,"HBSC"
"S_20_01896","DL99_085","UNG","Aupaluk",1999,7,21,"Aupaluk","HL003",5,0.065768,0.519722,0.267511,0.029839,0.11716,"HBSC"
"S_20_01899","DL99_001","SHS","Wales_Island",1999,7,5,"Kangiqsujuaq","HL004",5,0.020058,0.510944,0.312448,0.073135,0.083414,"HBSC"
"S_20_01900","DL99_002","SHS","Tupirvikallak",1999,6,18,"Kangiqsujuaq","HL001",5,0.081515,0.456317,0.310893,0.068711,0.082564,"HBSC"
"S_20_01904","DL99_083","UNG","Aupaluk",1999,7,2,"Aupaluk","HL008",5,0.054206,0.582309,0.192628,0.04294,0.127917,"HBSC"
"S_20_01906","DL99_077","UNG","Aupaluk",1999,7,15,"Aupaluk","HL003",5,0.043552,0.608616,0.213821,0.044083,0.089929,"HBSC"
"S_20_01920","DL98_374","SHS","Ivujivik",1999,6,25,"Ivujivik","HL003",5,0.043964,0.531847,0.223257,0.030798,0.170133,"HBSC"
"S_20_01933","DL99_088","UNG","Aupaluk",1999,7,2,"Aupaluk","HL003",5,0.026384,0.660401,0.211609,0.017174,0.084433,"HBSC"
"S_20_01935","DL99_06","SHS","Baie_Kangiararjuk",1999,7,6,"Kangiqsujuaq","HL011",5,0.027016,0.57335,0.299847,0.021099,0.078688,"HBSC"
"S_20_01938","DL99_118","UNG","Tasiujaq",1999,7,15,"Tasiujaq","HL003",5,0.044196,0.585373,0.261003,0.07455,0.034878,"HBSC"
"S_20_01939","DL99_110","UNG","Tasiujaq",1999,7,28,"Tasiujaq","HL014",5,0.031493,0.554454,0.247092,0.070148,0.096813,"HBSC"
"S_20_01942","DL99_107","UNG","Tasiujaq",1999,7,27,"Tasiujaq","HL001",5,0.034593,0.621079,0.264944,0.013781,0.065602,"HBSC"
"S_20_01944","DL99_031","SHS","Quaqtaq",2001,10,19,"Quaqtaq","HL020",5,1e-05,0.009,1e-05,1e-05,0.99097,"LGR"
"S_20_01947","DL99_038","SHS","Quaqtaq",2001,10,22,"Quaqtaq","HL001",5,0.043261,0.583703,0.196587,0.04623,0.130219,"HBSC"
"S_20_01948","DL00154","SEH","Kuujjuarapik",2001,6,13,"Kuujjuaraapik","HL007",5,0.000329,0.071724,1e-05,1e-05,0.927927,"LGR"
"S_20_01949","DL99_025","SHS","Quaqtaq",2001,10,22,"Quaqtaq","HL003",5,0.149812,0.472457,0.342083,1e-05,0.035638,"HBSC"
"S_20_01985","DL10_225","UNG","Tasiujaq",2010,7,12,"Tasiujaq","HL003",5,0.07317,0.566659,0.269024,0.065806,0.025341,"HBSC"
"S_20_01986","DL10_226","UNG","Tasiujaq",2010,8,12,"Tasiujaq","HL003",5,0.045208,0.511832,0.31799,0.004681,0.120288,"HBSC"
"S_20_01991","DL10_254","UNG","Kangiqsualujjuaq",2010,8,16,"Kangiqsualujjuaq","HL003",5,0.087874,0.533508,0.347701,1e-05,0.030907,"HBSC"
"S_20_02067","DL17_184","NEH","Akulivik",2017,10,25,"Akulivik","HL002",5,0.039381,1e-05,0.052163,0.033855,0.874591,"LGR"
"S_20_02068","DL17_188","NEH","Akulivik",2017,10,25,"Akulivik","HL049",5,0.03832,0.133546,1e-05,0.011593,0.816531,"LGR"
"S_20_02069","DL17_191","NEH","Akulivik",2017,NA,NA,"Akulivik",NA,5,0.06476,0.03645,0.124143,0.011001,0.763646,"LGR"
"S_20_02070","DL17_197","NEH","Akulivik",2017,10,24,"Akulivik","HL003",5,0.013317,0.562843,0.277628,0.064951,0.081261,"HBSC"
"S_20_02083","DL17_242","SEH","Island_Anderson",2017,6,22,"Umiujaq","HL010",5,0.130439,0.499747,0.20074,0.099872,0.069201,"HBSC"
"S_20_02100","DL18_186","NEH","Akulivik",2018,10,29,"Akulivik","HL003",5,0.017525,0.595106,0.216101,0.058709,0.112559,"HBSC"
"S_20_02102","DL18_192","NEH","Akulivik",2018,10,20,"Akulivik","HL008",5,0.057584,0.648673,0.215418,0.032238,0.046087,"HBSC"
"S_20_02103","DL18_214","NEH","Pointe_Qikirtaujaq",2018,10,16,"Puvirnituq","HL020",5,0.015,0.640328,0.184202,0.054334,0.106136,"HBSC"
"S_20_02104","DL18_268","SEH","Kuujjuarapik",2018,7,7,"Kuujjuaraapik","HL009",5,0.026014,0.583711,0.254636,0.063554,0.072085,"HBSC"
"S_20_02109","DL18_284","UNG","Tasiujaq",2018,7,14,"Kuujjuaq","HL001",5,0.025683,0.572845,0.228304,0.122288,0.05088,"HBSC"
"S_20_02110","DL18_289","UNG","Island_Qulluvik",2018,7,1,"Kuujjuaq","HL068",5,0.104318,0.540549,0.20771,0.075788,0.071635,"HBSC"
"S_20_02115","DL18_305","UNG","Islands_Pakkiviit",2018,7,22,"Kuujjuaq","HL003",5,0.122032,0.542676,0.313413,0.021869,1e-05,"HBSC"
"S_20_02173","DL_4031","SEH","Umiujaq",2002,6,18,"DFO_MPO","HL010",5,0.075781,0.600809,0.136118,0.088189,0.099104,"HBSC"
"S_20_02174","DL_4032","SEH","Little_Whale_River_Qilalugarsiuviup_Kuunga",2002,7,20,"DFO_MPO","HL071",5,0.031448,0.073721,0.002817,0.058503,0.833511,"LGR"
"S_20_02177","DL_4037","SEH","Little_Whale_River_Qilalugarsiuviup_Kuunga",2002,7,28,"DFO_MPO","HL041",5,1e-05,1e-05,0.041471,1e-05,0.958499,"LGR"
"S_20_02178","DL_4038","SEH","Little_Whale_River_Qilalugarsiuviup_Kuunga",2002,7,24,"DFO_MPO","HL071",5,0.045253,0.058464,0.104931,0.00926,0.782093,"LGR"
"S_20_02179","DL_4039","SEH","Little_Whale_River_Qilalugarsiuviup_Kuunga",2002,7,24,"DFO_MPO","HL035",5,0.012806,0.10283,0.055174,0.043922,0.785269,"LGR"
"S_20_02180","DL_4040","SEH","Little_Whale_River_Qilalugarsiuviup_Kuunga",2002,7,19,"DFO_MPO","HL001",5,1e-05,1e-05,1e-05,1e-05,0.99996,"LGR"
"S_20_02182","DL_4058","UNG","Pointe_Tikiraq",2002,6,28,"Aupaluk","HL001",5,0.053932,0.566693,0.185974,0.070054,0.123347,"HBSC"
"S_20_02239","DL13_029","SHS","Island_Naujaaraarjuq",2015,6,26,"Kuujjuaq","HL003",5,0.034478,0.593652,0.278521,0.030538,0.062812,"HBSC"
"S_20_02240","DL13_030","SHS","Island_Naujaaraarjuq",2015,6,27,"Kuujjuaq","HL003",5,0.092104,0.597536,0.191674,0.039499,0.079186,"HBSC"
"S_20_02242","DL13_035","SHS","Island_Naujaaraarjuq",2015,6,27,"Kuujjuaq","HL003",5,0.031098,0.618565,0.21989,0.038546,0.0919,"HBSC"
"S_20_02249","DL14_42","SEH","Pointe_Pilavvik",2015,6,12,"Kuujjuaraapik","HL008",5,0.015416,0.025054,1e-05,0.900388,0.059133,"JAM"
"S_20_02252","DL15_037","SHS","Pointe_Arvavik",2015,6,23,"Kuujjuaq","HL043",5,0.072047,0.593524,0.178117,0.040107,0.116205,"HBSC"
"S_20_02254","DL15_042","SHS","Island_Naujaaraarjuq",2015,6,23,"Tasiujaq","HL083",5,0.009802,0.563742,0.251545,0.066857,0.108053,"HBSC"
"S_20_02255","DL15_044","UNG","Cap_Qalirusiq",2015,7,11,"Tasiujaq","HL001",5,0.012874,0.714693,0.215574,0.056849,1e-05,"HBSC"
"S_20_02256","DL15_045","UNG","Tasiujaq",2015,7,27,"Tasiujaq","HL025",5,0.041257,0.575715,0.22821,0.034212,0.120606,"HBSC"
"S_20_02257","DL15_050","UNG","Cap_Qalirusiq",2015,7,11,"Tasiujaq","HL001",5,0.115713,0.552518,0.281468,0.050291,1e-05,"HBSC"
"S_20_02258","DL15_060","UNG","Baie_Ungavatuaq",2015,7,4,"Tasiujaq","HL003",5,0.063049,0.606362,0.166267,0.071662,0.09266,"HBSC"
"S_20_02261","DL15_088","UNG","Pointe_Tikiraq",2015,6,26,"Kangirsuk","HL083",5,1e-05,0.572256,0.182562,0.1,0.145172,"HBSC"
"S_20_02262","DL15_089","UNG","Pointe_Umiannguaq",2015,7,3,"Kangirsuk","HL014",5,0.021515,0.564056,0.304123,1e-05,0.110297,"HBSC"
"S_20_02285","DL_5042","SHS","Pointe_Naujaat",2004,6,15,"Quaqtaq","HL003",5,0.049586,0.613999,0.176608,0.07144,0.088368,"HBSC"
"S_20_02299","DL_6101","JAM","Long_Island",2004,10,12,"Kuujjuaraapik","HL008",5,0.026772,0.057806,0.032657,0.852141,0.030625,"JAM"
"S_20_02350","DL13_020","UNG","Baie_Ungavatuaq",2018,7,20,"Kangiqsualujjuaq","HL053",5,0.032523,0.617719,0.287506,0.006391,0.055861,"HBSC"
"S_20_02352","DL15_072","UNG","Aupaluk",2018,7,17,"Aupaluk","HL003",5,0.029081,0.611481,0.271886,0.024386,0.063167,"HBSC"
"S_20_02353","DL15_193","NEH","Akulivik",2018,10,17,"Akulivik","HL112",5,0.013619,0.106743,0.046463,0.028553,0.804622,"LGR"
"S_20_02354","DL15_291","UNG","Kangirsuk",2018,6,28,"Kangirsuk","HL001",5,0.049203,0.616449,0.241972,0.062158,0.030218,"HBSC"
"S_20_02355","DL16_035","UNG","Island_Qulluvik",2018,7,9,"Kuujjuaq","HL001",5,0.032957,0.613491,0.251855,0.041332,0.060365,"HBSC"
"S_20_02362","DL16_182","NEH","Akulivik",2018,10,20,"Akulivik","HL010",5,0.030759,0.587966,0.24812,0.029262,0.103894,"HBSC"
"S_20_02364","DL17_060","UNG","Tasiujaq",2018,7,11,"Tasiujaq","HL001",5,0.056506,0.619464,0.170109,0.095477,0.058445,"HBSC"
"S_20_02365","DL17_071","UNG","Aupaluk",2018,7,7,"Aupaluk","HL003",5,0.084737,0.595003,0.213748,1e-05,0.106503,"HBSC"
"S_20_02373","DL17_193","NEH","Akulivik",2018,10,20,"Akulivik","HL003",5,0.046616,0.555306,0.28176,0.003186,0.113132,"HBSC"
"S_20_02374","DL17_194","NEH","Akulivik",2018,10,20,"Akulivik","HL001",5,0.033782,0.542047,0.269063,0.03022,0.124889,"HBSC"
"S_20_02375","DL17_232","SEH","Inukjuak",2018,6,23,"Inukjuak","HL016",5,0.019421,0.541098,0.182782,0.12074,0.135959,"HBSC"
"S_20_02380","DL18_041","UNG","Tasiujaq",2018,7,10,"Tasiujaq","HL001",5,0.037168,0.524476,0.290926,0.070504,0.076925,"HBSC"
"S_20_02383","DL18_050","UNG","Tasiujaq",2018,7,10,"Tasiujaq","HL001",5,0.055648,0.586041,0.275253,0.061335,0.021723,"HBSC"
"S_20_02385","DL18_052","UNG","Cap_Qalirusiq",2018,7,14,"Tasiujaq","HL001",5,0.065253,0.611248,0.203116,0.063514,0.056868,"HBSC"
"S_20_02386","DL18_054","UNG","Tasiujaq",2018,7,7,"Tasiujaq","HL017",5,0.034091,0.561762,0.22467,0.066208,0.11327,"HBSC"
"S_20_02387","DL18_055","UNG","Cap_Qalirusiq",2018,7,9,"Tasiujaq","HL017",5,0.023468,0.608926,0.298587,0.032671,0.036348,"HBSC"
"S_20_02388","DL18_057","UNG","Tasiujaq",2018,7,11,"Tasiujaq","HL001",5,0.058162,0.587816,0.21985,0.085787,0.048385,"HBSC"
"S_20_02389","DL18_058","UNG","Cap_Qalirusiq",2018,7,10,"Tasiujaq","HL001",5,0.112883,0.506356,0.253423,0.087215,0.040124,"HBSC"
"S_20_02390","DL18_060","UNG","Cap_Qalirusiq",2018,7,13,"Kuujjuaq","HL003",5,0.01528,0.638047,0.281165,0.065498,1e-05,"HBSC"
"S_20_02391","DL18_069","UNG","Aupaluk",2018,7,7,"Aupaluk","HL001",5,0.058404,0.595985,0.186963,0.08752,0.071127,"HBSC"
"S_20_02392","DL18_071","UNG","Island_Qulluvik",2018,7,6,"Aupaluk","HL001",5,0.005447,0.642998,0.188192,0.101755,0.061607,"HBSC"
"S_20_02393","DL18_073","UNG","Island_Qulluvik",2018,7,6,"Kuujjuaq","HL060",5,0.046815,0.5594,0.272699,0.048109,0.072978,"HBSC"
"S_20_02394","DL18_074","UNG","Island_Qulluvik",2018,7,2,"Aupaluk","HL008",5,0.054592,0.569196,0.236385,0.070121,0.069706,"HBSC"
"S_20_02537","unidentified_kangirsuk_2004_1of4","SHS","Camp_Imilimmiut",2004,7,7,"Kangirsuk",NA,5,0.027597,0.676533,0.153223,0.075358,0.067289,"HBSC"
"S_20_02539","unidentified_kangirsuk_2004_3of4","SHS","Camp_Imilimmiut",2004,7,7,"Kangirsuk","HL003",5,0.04099,0.573215,0.214352,0.075454,0.09599,"HBSC"
"S_20_02540","unidentified_kangirsuk_2004_4of4","SHS","Camp_Imilimmiut",2004,7,7,"Kangirsuk","HL001",5,0.054463,0.536329,0.259966,0.098939,0.050303,"HBSC"
"S_20_02582","DL15_077","UNG","Aupaluk",2017,7,23,"Aupaluk","HL003",5,0.044441,0.575281,0.194406,0.061653,0.12422,"HBSC"
"S_20_02591","DL16_056","UNG","Tasiujaq",2017,8,5,"Tasiujaq","HL003",5,0.048485,0.541373,0.283846,0.060237,0.06606,"HBSC"
"S_20_02608","DL17_040","UNG","Kuujjuaq",2017,7,2,"Kuujjuaq","HL011",5,0.012541,0.625784,0.308201,0.032418,0.021056,"HBSC"
"S_20_02609","DL17_042","UNG","Tasiujaq",2017,7,4,"Tasiujaq","HL003",5,0.021589,0.611162,0.246332,0.041068,0.079849,"HBSC"
"S_20_02610","DL17_043","UNG","Tasiujaq",2017,9,8,"Tasiujaq","HL003",5,0.037705,0.624306,0.214052,0.040186,0.083752,"HBSC"
"S_20_02611","DL17_053","UNG","Tasiujaq",2017,6,29,"Tasiujaq","HL073",5,0.05949,0.542484,0.282253,0.039689,0.076084,"HBSC"
"S_20_02612","DL17_055","UNG","Tasiujaq",2017,7,12,"Tasiujaq","HL003",5,0.071721,0.584164,0.179748,0.035169,0.129197,"HBSC"
"S_20_02633","DL16_044","UNG","Baie_Ungavatuaq",2016,7,20,"Tasiujaq","HL003",5,0.075772,0.65896,0.217919,0.02313,0.024218,"HBSC"
"S_20_02634","DL16_045","UNG","Tasiujaq",2016,7,12,"Tasiujaq","HL003",5,0.051967,0.560745,0.250184,0.048049,0.089054,"HBSC"
"S_20_02635","DL16_046","UNG","Baie_Ungavatuaq",2016,7,27,"Tasiujaq","HL004",5,0.028029,0.504954,0.345907,0.050127,0.070983,"HBSC"
"S_20_02636","DL16_047","UNG","Tasiujaq",2016,7,12,"Tasiujaq","HL011",5,0.032443,0.616243,0.239898,0.064871,0.046545,"HBSC"
"S_20_02659","DL15_248","SEH","Lac_Tasiujaq",2015,NA,NA,"Umiujaq","HL010",5,0.057416,0.554995,0.280162,0.063228,0.0442,"HBSC"
"S_20_02664","DL_9030","SEH","Umiujaq",2007,7,16,"Umiujaq","HL001",5,0.046265,0.578803,0.291785,0.025107,0.05804,"HBSC"
"S_20_02714","DL_9260","UNG","Kangiqsualujjuaq",2007,7,23,"Kangiqsualujjuaq","HL004",5,0.078094,0.488646,0.260348,0.089755,0.083157,"HBSC"
"S_20_02715","DL_9257","UNG","Kangiqsualujjuaq",2007,7,22,"Kangiqsualujjuaq","HL015",5,0.053956,0.569286,0.224047,0.017126,0.135586,"HBSC"
"S_20_02726","DL_9211","UNG","Baie_Ungavatuaq",2007,7,17,"Tasiujaq","HL025",5,0.039914,0.595037,0.239069,0.024564,0.101416,"HBSC"
"S_20_02727","DL_9170","UNG","Pointe_Tikiraq",2007,6,22,"Kangirsuk","HL003",5,0.045086,0.603929,0.24131,0.039901,0.069774,"HBSC"
"S_20_02728","DL_9162","UNG","Pointe_Tikiraq",2007,6,22,"Kangirsuk","HL020",5,0.062561,0.485991,0.309129,0.047568,0.094751,"HBSC"
"S_20_02767","DL09_14","SEH","Little_Whale_River_Qilalugarsiuviup_Kuunga",2009,7,22,"Kuujjuaraapik","HL001",5,1e-05,1e-05,1e-05,1e-05,0.99996,"LGR"
"S_20_02808","DL09_124","NEH","Akulivik",2009,5,10,"Akulivik","HL001",5,0.023525,0.516129,0.232564,0.114188,0.113594,"HBSC"
"S_20_02809","DL09_128","NEH","Akulivik",2009,5,10,"Akulivik","HL001",5,0.063828,0.503553,0.230785,0.047259,0.154574,"HBSC"
"S_20_02848","DL_9272","SEH","Inukjuak",2007,8,11,"Inukjuak","HL016",5,0.037908,0.604048,0.137184,0.104833,0.116027,"HBSC"
"S_20_02849","DL_9277","SEH","Baie_Kilualuk",2007,7,24,"Inukjuak","HL009",5,0.054403,0.555172,0.208663,0.07789,0.103872,"HBSC"
"S_20_02869","DL15_186","NEH","Akulivik",2015,10,10,"Akulivik","HL002",5,1e-05,1e-05,0.062066,0.067886,0.870028,"LGR"
"S_20_02908","DL18_076","UNG","Island_Qulluvik",2018,7,7,"Aupaluk","HL001",5,0.024254,0.645503,0.231561,0.05601,0.042672,"HBSC"
"S_20_02910","DL18_078","UNG","Island_Qulluvik",2018,7,2,"Aupaluk","HL008",5,0.04555,0.675791,0.244311,0.02095,0.013398,"HBSC"
"S_20_02911","DL18_084","UNG","Island_Qulluvik",2018,6,29,"Kangirsuk","HL001",5,0.110076,0.555628,0.235381,0.052431,0.046483,"HBSC"
"S_20_02912","DL18_087","UNG","Island_Qulluvik",2018,6,24,"Kangirsuk",NA,5,0.076756,0.536002,0.299843,0.004475,0.082926,"HBSC"
"S_20_02916","DL18_097","UNG","Island_Qulluvik",2018,6,29,"Kangirsuk","HL001",5,0.0242,0.669962,0.224444,0.059569,0.021826,"HBSC"
"S_20_02917","DL18_099","UNG","Island_Qulluvik",2018,6,24,"Kangirsuk","HL003",5,0.02775,0.542973,0.238248,0.06188,0.129149,"HBSC"
"S_20_02957","DL98_569","SEH","Little_Whale_River_Qilalugarsiuviup_Kuunga",1998,8,5,"Kuujjuaraapik","HL077",5,0.053926,0.60147,0.207719,1e-05,0.136874,"HBSC"
"S_20_02958","DL98_547","SEH","Nastapoka_River",1998,8,9,"Inukjuak","HL013",5,0.043567,0.717457,0.097354,0.058852,0.082769,"HBSC"
"S_20_02959","DL98_566","SEH","Kuujjuarapik",1998,8,11,"Kuujjuaraapik","HL041",5,0.023552,0.092817,0.054635,1e-05,0.828986,"LGR"
"S_20_02961","DL98_564","SEH","Little_Whale_River_Qilalugarsiuviup_Kuunga",1998,8,5,"Kuujjuaraapik","HL063",5,0.009945,0.700748,0.131366,0.068968,0.088973,"HBSC"
"S_20_02963","DL99_156","SEH","Nastapoka_Sound",1999,8,3,"Inukjuak","HL018",5,0.016385,0.613529,0.204999,0.092602,0.072484,"HBSC"
"S_20_02964","DL99_157","SEH","Nastapoka_Sound",1999,8,3,"Inukjuak","HL019",5,0.086646,0.605131,0.124085,0.123231,0.060906,"HBSC"
"S_20_02965","DL99_158","SEH","Nastapoka_Sound",1999,8,3,"Inukjuak","HL013",5,0.07344,0.698163,0.104109,0.047725,0.076563,"HBSC"
"S_20_02966","DL99_160","SEH","Nastapoka_Sound",1999,8,3,"Inukjuak","HL009",5,0.033779,0.61281,0.190405,0.05087,0.112136,"HBSC"
"S_20_03001","DL98_567","SEH","Kuujjuarapik",1998,8,NA,"Kuujjuaraapik","HL001",5,1e-05,1e-05,0.066473,0.03273,0.900777,"LGR"
"S_20_03026","DL_3131","SEH","Little_Whale_River_Qilalugarsiuviup_Kuunga",2001,8,1,"Kuujjuaraapik","HL007",5,0.03401,0.068601,0.043863,0.019848,0.833677,"LGR"
"S_20_03027","DL_3132","SEH","Little_Whale_River_Qilalugarsiuviup_Kuunga",2001,8,4,"Kuujjuaraapik","HL002",5,0.049864,0.024719,0.004764,1e-05,0.920642,"LGR"
"S_20_03028","DL_3134","SEH","Little_Whale_River_Qilalugarsiuviup_Kuunga",2001,8,4,"Kuujjuaraapik","HL001",5,0.003811,1e-05,1e-05,1e-05,0.996159,"LGR"
"S_20_03033","DLN01_03","SEH","Nastapoka_Sound",2001,8,1,"Inukjuak","HL008",5,0.044529,0.618346,0.157971,0.098383,0.080771,"HBSC"
"S_20_03034","DLN01_05","SEH","Nastapoka_Sound",2001,8,3,"Inukjuak","HL009",5,0.056161,0.590055,0.214682,0.030581,0.108521,"HBSC"
"S_20_03035","DLN01_06","SEH","Nastapoka_Sound",2001,8,3,"Inukjuak","HL103",5,0.047209,0.592208,0.241426,0.063669,0.055489,"HBSC"
"S_20_03036","DLN01_07","SEH","Nastapoka_Sound",2001,8,3,"Inukjuak","HL009",5,0.039794,0.566193,0.241184,0.041183,0.111646,"HBSC"
"S_20_03037","DLN01_08","SEH","Nastapoka_Sound",2001,8,3,"Inukjuak","HL009",5,0.057313,0.571987,0.233797,0.079131,0.057772,"HBSC"
"S_20_03039","DL_3092","UNG","Qarmait",2001,6,20,"Kangirsuk","HL073",5,0.074938,0.593571,0.281195,0.023686,0.02661,"HBSC"
"S_20_03054","DL09_177","SEH","Umiujaq",2010,6,1,"Umiujaq","HL026",5,0.028722,0.530202,0.259654,0.113897,0.067525,"HBSC"
"S_20_03055","DL09_178","SEH","Umiujaq",2010,10,1,"Umiujaq","HL001",5,0.030368,0.577142,0.228164,0.08811,0.076215,"HBSC"
"S_20_03056","DL09_179","SEH","Umiujaq",2010,6,1,"Umiujaq","HL001",5,0.150433,0.354488,0.29194,0.053663,0.149476,"HBSC"
"S_20_03083","DL97_103","SEH","Inukjuak",1997,8,4,"Inukjuak","HL010",5,0.02839,0.611983,0.104756,0.089201,0.16567,"HBSC"
"S_20_03084","DL97_106","SEH",NA,1997,8,5,"Inukjuak","HL009",5,0.044328,0.628583,0.222303,0.036074,0.068712,"HBSC"
"S_20_03085","DL97_112","SEH","Inukjuak",1997,NA,NA,"Inukjuak",NA,5,0.004538,0.123333,0.015858,1e-05,0.856262,"LGR"
"S_20_03086","DL97_114","SEH","Nastapoka_Sound",1997,8,4,"Inukjuak","HL009",5,0.040704,0.604527,0.222344,0.080953,0.051471,"HBSC"
"S_20_03087","DL97_115","SEH","Inukjuak",1997,8,5,"Inukjuak","HL123",5,0.031506,0.038325,1e-05,0.024629,0.90553,"LGR"
"S_20_03088","DL97_116","SEH","Inukjuak",1997,8,4,"Inukjuak","HL009",5,0.062082,0.60691,0.287745,0.017087,0.026177,"HBSC"
"S_20_03090","DL97_123","SEH","Inukjuak",1997,8,4,"Inukjuak","HL009",5,0.041153,0.619786,0.166866,0.02912,0.143075,"HBSC"
"S_20_03091","DL97_125","SEH","Nastapoka_River",1997,8,5,"Inukjuak","HL009",5,0.065509,0.507015,0.194474,0.102364,0.130639,"HBSC"
"S_20_03092","DL97_128","UNG","Baie_Qirnituup",1997,7,12,"Kangirsuk","HL003",5,0.070663,0.535016,0.258635,0.071936,0.06375,"HBSC"
"S_20_03095","DL97_133","UNG","Baie_Qirnituup",1997,7,7,"Kangirsuk","HL001",5,0.025568,0.548989,0.2582,0.085277,0.081966,"HBSC"
"S_20_03096","DL97_148","UNG","Baie_Qirnituup",1997,7,7,"Kangirsuk","HL004",5,0.02857,0.549619,0.298676,0.027689,0.095446,"HBSC"
"S_20_03098","DL97_263","SEH","Umiujaq",1997,NA,NA,"Umiujaq",NA,5,0.032645,0.658181,0.1174,0.097893,0.093881,"HBSC"
"S_20_03100","DL97_273","SEH","Umiujaq",1997,NA,NA,"Umiujaq",NA,5,0.056855,0.749122,0.044748,0.025577,0.123699,"HBSC"
"S_20_03102","DL97_291","SEH","Kuujjuarapik",1997,9,12,"Kuujjuaraapik","HL008",5,1e-05,0.096388,1e-05,0.903582,1e-05,"JAM"
"S_20_03106","DL97_295","SEH","Kuujjuarapik",1997,9,12,"Kuujjuaraapik","HL008",5,0.002823,1e-05,1e-05,0.997147,1e-05,"JAM"
"S_20_03118","DL97_333","UNG","Kuujjuaq",1997,7,26,"Kuujjuaq","HL012",5,0.031779,0.603607,0.235187,0.031015,0.098411,"HBSC"
"S_20_03180","DLN01_10","SEH","Nastapoka_Sound",2001,8,4,"Inukjuak","HL019",5,0.107757,0.762189,1e-05,0.00475,0.125295,"HBSC"
"S_20_03181","DLN01_12","SEH","Nastapoka_Sound",2001,8,7,"Inukjuak","HL103",5,0.044041,0.655008,0.123153,0.053323,0.124475,"HBSC"
"S_20_03182","DLN01_13","SEH","Nastapoka_Sound",2001,8,7,"Inukjuak","HL019",5,0.038889,0.638745,0.117742,0.062109,0.142515,"HBSC"
"S_20_03183","NA2000_01","SEH","Nastapoka_River",2000,8,10,"Umiujaq","HL016",5,0.034203,0.587379,0.226398,0.036805,0.115216,"HBSC"
"S_20_03185","NA2000_03","SEH","Nastapoka_River",2000,8,10,"Umiujaq","HL016",5,0.100549,0.468693,0.220666,0.052641,0.15745,"HBSC"
"S_20_03186","NA2000_04","SEH","Nastapoka_River",2000,8,10,"Umiujaq","HL010",5,0.056835,0.620487,0.159824,0.013152,0.149702,"HBSC"
"S_20_03195","DL98_538","UNG","Kuujjuaq",1998,7,11,"Kuujjuaq","HL003",5,0.034582,0.586931,0.297487,0.041645,0.039355,"HBSC"
"S_20_03197","DL98_343","SEH","Kuujjuarapik",1998,8,11,"Kuujjuaraapik","HL041",5,1e-05,1e-05,1e-05,1e-05,0.99996,"LGR"
"S_20_03202","DL98_351","SEH","Kuujjuarapik",1998,7,17,"Kuujjuaraapik","HL050",5,0.013592,0.072943,0.124108,1e-05,0.789347,"LGR"
"S_20_03203","DL98_499","NEH","Puvirnituq",1998,10,16,"Puvirnituq","HL004",5,0.030498,0.584014,0.247031,0.052922,0.085535,"HBSC"
"S_20_03207","DL98_505","SEH","Nastapoka_Sound",1998,8,9,"Inukjuak","HL009",5,0.084701,0.530269,0.256019,0.056672,0.072338,"HBSC"
"S_20_03210","DL98_392","NEH","Puvirnituq",1998,10,16,"Puvirnituq","HL001",5,0.065199,0.614773,0.113542,0.056711,0.149775,"HBSC"
"S_20_03212","DL98_395","NEH","Puvirnituq",1998,10,16,"Puvirnituq","HL001",5,0.075732,0.622137,0.179637,0.067996,0.054499,"HBSC"
"S_20_03218","DL98_368","SEH","Kuujjuarapik",1998,7,17,"Kuujjuaraapik","HL016",5,0.037965,0.365791,0.180991,0.044489,0.370765,"HBSC"
"S_20_03229","DL98_507","SEH","Nastapoka_River",1998,8,1,"Inukjuak","HL019",5,0.071153,0.521567,0.175506,0.059589,0.172185,"HBSC"
"S_20_03230","DL98_513","SEH","Kuujjuarapik",1998,8,11,"Kuujjuaraapik","HL041",5,1e-05,1e-05,1e-05,0.0247,0.97527,"LGR"
"S_20_03231","DL98_504","SEH","Nastapoka_River",1998,8,9,"Inukjuak","HL009",5,0.0654,0.620356,0.145231,0.083805,0.085208,"HBSC"
"S_20_03339","DL_5207","NEH","Puvirnituq",2007,10,16,"Puvirnituq","HL001",5,0.00048,1e-05,1e-05,1e-05,0.99949,"LGR"
"S_20_03340","DL_5211","NEH","Puvirnituq",2007,10,16,"Puvirnituq","HL001",5,0.042535,0.033031,0.151417,1e-05,0.773007,"LGR"
"S_20_03341","DL_6072","NEH","Puvirnituq",2007,10,16,"Puvirnituq","HL014",5,0.038918,0.571839,0.256753,0.069984,0.062506,"HBSC"
"S_20_03342","DL_6073","NEH","Puvirnituq",2007,10,16,"Puvirnituq","HL002",5,1e-05,1e-05,0.094309,1e-05,0.905661,"LGR"
"S_20_03343","DL_6074","NEH","Puvirnituq",2007,10,16,"Puvirnituq","HL001",5,0.009375,0.13512,0.020648,0.027129,0.807727,"LGR"
"S_20_03344","DL_6075","NEH","Puvirnituq",2007,10,16,"Puvirnituq","HL002",5,1e-05,0.003375,0.026167,1e-05,0.970438,"LGR"
"S_20_03345","DL_8152","SEH","Lac_Tasiujaq",2008,6,26,"Umiujaq","HL010",5,0.08514,0.789589,1e-05,0.044164,0.081097,"HBSC"
"S_20_03419","DL15_DART_055","SEH",NA,2016,8,14,"Inukjuak","HL009",5,0.024195,0.612382,0.256141,0.016044,0.091237,"HBSC"
"S_20_03446","DL2009JB_03","JAM","Pointe_de_Repentigny_James_Bay",2009,7,31,"DFO_MPO","HL008",5,1e-05,1e-05,1e-05,0.975689,0.024281,"JAM"
"S_20_03447","DL2009JB_04","JAM","Pointe_de_Repentigny_James_Bay",2009,8,1,"DFO_MPO","HL008",5,0.007098,1e-05,1e-05,0.992872,1e-05,"JAM"
"S_20_03448","DL2009JB_05","JAM","Pointe_de_Repentigny_James_Bay",2009,8,9,"DFO_MPO","HL008",5,1e-05,1e-05,1e-05,0.99996,1e-05,"JAM"
"S_20_03449","DL2009JB_06","JAM","Pointe_de_Repentigny_James_Bay",2009,8,9,"DFO_MPO","HL008",5,1e-05,1e-05,1e-05,0.99996,1e-05,"JAM"
"S_20_03450","DL2008_JB_01","JAM","Pointe_de_Repentigny_James_Bay",2008,8,4,"DFO_MPO","HL008",5,1e-05,1e-05,1e-05,0.99996,1e-05,"JAM"
"S_20_03451","DL2008_JB_02","JAM","Pointe_de_Repentigny_James_Bay",2008,8,6,"DFO_MPO","HL008",5,1e-05,1e-05,1e-05,0.99996,1e-05,"JAM"
"S_20_03452","DL2008_JB_03","JAM","Pointe_de_Repentigny_James_Bay",2008,8,8,"DFO_MPO","HL008",5,0.001228,1e-05,1e-05,0.998742,1e-05,"JAM"
"S_20_03453","DL2008_JB_04","JAM","Pointe_de_Repentigny_James_Bay",2008,8,8,"DFO_MPO","HL008",5,1e-05,1e-05,0.034489,0.961637,0.003854,"JAM"
"S_20_03454","DL2008_JB_05","JAM","Pointe_de_Repentigny_James_Bay",2008,8,8,"DFO_MPO","HL008",5,1.8e-05,1e-05,0.00627,0.993692,1e-05,"JAM"
"S_20_03455","DL2008_JB_07","JAM","Pointe_de_Repentigny_James_Bay",2008,8,16,"DFO_MPO","HL008",5,0.048361,1e-05,1e-05,0.951609,1e-05,"JAM"
"S_20_03476_rep","DL2011_002_F","SLE","Rimouski_est",2011,5,19,"Saint_Laurent","HL008",5,0.080405,0.541839,0.226024,0.034773,0.116958,"HBSC"
"S_20_03478","DL2010_007_F","SLE","Sainte_Flavie",2010,7,31,"Saint_Laurent","HL099",5,0.99996,1e-05,1e-05,1e-05,1e-05,"SLE"
"S_20_03480","DL2010_008_F","SLE","Sainte_Flavie",2010,8,29,"Saint_Laurent","HL099",5,0.99996,1e-05,1e-05,1e-05,1e-05,"SLE"
"S_20_03481","DL2000_002_B","SLE","Tadoussac",2000,7,26,"Saint_Laurent","HL099",5,0.99996,1e-05,1e-05,1e-05,1e-05,"SLE"
"S_20_03482","DL2000_002_F","SLE","Tadoussac",2000,7,26,"Saint_Laurent","HL099",5,0.99996,1e-05,1e-05,1e-05,1e-05,"SLE"
"S_20_03486","B92_47","NHS","Lake_Harbour_Kimmirut",1992,5,28,"Kimmirut","HL011",5,0.026993,0.547198,0.263692,0.039074,0.123042,"HBSC"
"S_20_03506","ARNR_04_05","SWH","Nelson_River",2004,7,27,"Churchill","HL003",5,0.025925,0.624254,0.239014,0.056565,0.054242,"HBSC"
"S_20_03507","JBDL_07_03","JAM","Pointe_de_Repentigny",2007,8,14,"DFO_MPO","HL008",5,1e-05,1e-05,1e-05,0.99996,1e-05,"JAM"
"S_20_03508","PTT_10215","NWH","Churchill",1992,7,4,"Churchill","HL041",5,0.031032,0.585089,0.21139,0.063147,0.109342,"HBSC"
"S_20_03509","ARPG_07_01","CSB","Pangnirtung",2007,7,12,"Pangnirtung","HL040",5,1e-05,1e-05,0.99996,1e-05,1e-05,"CSB"
"S_20_03510","ARPG_07_02","CSB","Pangnirtung",2007,7,12,"Pangnirtung","HL057",5,0.093517,1e-05,0.906453,1e-05,1e-05,"CSB"
"S_20_03512","ARCHL_15_128164","NWH","Churchill",2015,7,14,"Churchill","HL001",5,0.06441,0.414893,0.274248,0.164991,0.081459,"HBSC"
"S_20_03514","ARCHL_15_128165","NWH","Churchill",2015,7,11,"Churchill","HL001",5,0.071433,0.382093,0.249641,0.178738,0.118096,"HBSC"
"S_20_03515","ARCHL_15_128157","NWH","Churchill",2015,7,12,"Churchill",NA,5,0.101102,0.351577,0.349045,0.092738,0.105537,"HBSC"
"S_20_03516","ARCHL_15_128155","NWH","Churchill",2015,7,14,"Churchill","HL026",5,0.071749,0.368237,0.298214,0.144087,0.117713,"HBSC"
"S_20_03517","ARCHL_15_128160","NWH","Churchill",2015,8,8,"Churchill","HL001",5,0.064849,0.444618,0.209527,0.157303,0.123704,"HBSC"
"S_20_03519","ARCHL_15_128158","NWH","Churchill",2015,7,10,"Churchill","HL001",5,0.052517,0.370062,0.254594,0.191738,0.131089,"HBSC"
"S_20_03520","ARCHL_15_128162","NWH","Churchill",2015,7,10,"Churchill","HL026",5,0.092575,0.381921,0.31547,0.151737,0.058297,"HBSC"
"S_20_03521","ARCHL_15_128156","NWH","Churchill",2015,7,14,"Churchill","HL003",5,0.034394,0.415559,0.298099,0.186323,0.065625,"HBSC"
"S_20_03522","PGDL_02_05","CSB","Pangnirtung_West_Cumberland_Sound",2002,7,NA,"Pangnirtung","HL003",5,1e-05,1e-05,0.99996,1e-05,1e-05,"CSB"
"S_20_03525","UM94_15","SEH","Nastapoka_River",1994,8,16,"Inukjuak","HL049",5,0.061923,0.572386,0.22586,0.048417,0.091415,"HBSC"
"S_20_03527","DL_9270","SEH","Baie_Kilualuk",2007,8,5,"Inukjuak","HL001",5,0.045077,0.698283,0.139621,0.030222,0.086797,"HBSC"
"S_20_03528","DL10_64","SEH","Inukjuak",2010,7,NA,"Inukjuak","HL103",5,0.053197,0.587617,0.217291,0.07808,0.063815,"HBSC"
"S_20_03572","B91_17","FRB","Iqaluit",1991,7,23,"Iqaluit","HL003",5,0.038693,0.606122,0.240072,0.008872,0.10624,"HBSC"
"S_20_03573","B_92_66_IQ","FRB","Iqaluit",1992,6,8,"Iqaluit","HL003",5,0.03051,0.544529,0.28446,0.064925,0.075577,"HBSC"
"S_20_03577","LH_26","NHS","Kimmirut",1989,7,10,"Kimmirut","HL003",5,0.046882,0.54576,0.221886,0.049775,0.135698,"HBSC"
"S_20_03582","B91_18","FRB","Iqaluit",1991,7,15,"Iqaluit","HL011",5,0.03323,0.625528,0.243689,0.03005,0.067503,"HBSC"
"S_20_03583","B_92_71_IQ","FRB","Iqaluit",1992,6,19,"Iqaluit","HL012",5,0.050811,0.637583,0.205699,0.002496,0.103411,"HBSC"
"S_20_03585","B92_LH_49","NHS","Lake_Harbour_Kimmirut",1992,10,11,"Kimmirut","HL011",5,0.012638,0.715765,0.16919,0.050187,0.05222,"HBSC"
"S_20_03586","LH_14","NHS","Kimmirut",1989,6,24,"Kimmirut","HL003",5,0.030312,0.618938,0.218349,0.076559,0.055843,"HBSC"
"S_20_03587","LH_4","NHS","Kimmirut",1992,10,11,"Kimmirut","HL015",5,0.016889,0.615917,0.219027,0.0381,0.110066,"HBSC"
"S_20_03588","LH_B91_06","NHS","Kimmirut",1991,11,7,"Kimmirut","HL003",5,0.028431,0.38318,0.47921,0.049399,0.059781,"HBSC"
"S_20_03590","B_92_105_IQ","FRB","Iqaluit",1992,7,30,"Iqaluit","HL003",5,0.031852,0.614302,0.163423,0.025862,0.164561,"HBSC"
"S_20_03591","B_92_78_IQ","FRB","Iqaluit",1992,7,3,"Iqaluit","HL001",5,0.039107,0.451145,0.349175,0.04048,0.120094,"HBSC"
"S_20_03592","B_92_96_IQ","FRB","Iqaluit",1992,8,25,"Iqaluit","HL001",5,0.042246,0.473504,0.383012,0.034859,0.066379,"HBSC"
"S_20_03593","B92_LH_50","NHS","Lake_Harbour_Kimmirut",1992,10,11,"Kimmirut","HL012",5,0.034582,0.66267,0.27889,0.00712,0.016739,"HBSC"
"S_20_03595","LH_5","NHS","Kimmirut",1992,10,11,"Kimmirut","HL003",5,0.029236,0.63258,0.230057,0.041946,0.06618,"HBSC"
"S_20_03598","B_92_81_IQ","FRB","Iqaluit",1992,7,3,"Iqaluit","HL056",5,0.01993,0.517597,0.330542,0.047989,0.083942,"HBSC"
"S_20_03599","B92_LH_52","NHS","Lake_Harbour_Kimmirut",1992,10,17,"Kimmirut","HL053",5,0.01669,0.566651,0.24792,0.068232,0.100506,"HBSC"
"S_20_03600","LH_18","NHS","Kimmirut",1989,6,24,"Kimmirut","HL003",5,0.037052,0.589309,0.23571,0.053957,0.083972,"HBSC"
"S_20_03601","LH_7","NHS","Kimmirut",1989,6,24,"Kimmirut","HL053",5,0.036723,0.586657,0.23302,0.048797,0.094802,"HBSC"
"S_20_03605","B_92_59_IQ","FRB","Iqaluit",1992,6,5,"Iqaluit","HL012",5,0.05396,0.494735,0.301258,0.079299,0.070748,"HBSC"
"S_20_03606","B_92_87_IQ","FRB","Iqaluit",1992,6,14,"Iqaluit","HL003",5,0.058287,0.516026,0.275887,0.079067,0.070733,"HBSC"
"S_20_03607","LH_2","NHS","Kimmirut",1991,11,7,"Kimmirut","HL012",5,0.074429,0.544377,0.232358,0.054745,0.094091,"HBSC"
"S_20_03608","LH_90_X_90_04","NHS","Kimmirut",1990,7,17,"Kimmirut","HL049",5,0.0151,0.053992,0.116593,0.056383,0.757933,"LGR"
"S_20_03613","B_92_60_IQ","FRB","Iqaluit",1992,6,5,"Iqaluit","HL012",5,0.046889,0.575593,0.27112,0.021786,0.084612,"HBSC"
"S_20_03614","B_92_88_IQ","FRB","Iqaluit",1992,6,9,"Iqaluit","HL003",5,0.020421,0.634021,0.292865,0.024782,0.027912,"HBSC"
"S_20_03617","LH_22","NHS","Kimmirut",1989,7,13,"Kimmirut","HL003",5,0.031774,0.532933,0.277406,0.041566,0.116321,"HBSC"
"S_20_03618","LH_90_X_90_05","NHS","Kimmirut",1990,7,10,"Kimmirut","HL056",5,0.043062,0.494075,0.292267,0.090646,0.07995,"HBSC"
"S_20_03623","B_92_61_IQ","FRB","Iqaluit",1992,6,4,"Iqaluit","HL011",5,0.096212,0.541858,0.328349,1e-05,0.033571,"HBSC"
"S_20_03625","B92_LH_39","NHS","Lake_Harbour_Kimmirut",1992,10,9,"Kimmirut","HL012",5,0.143465,0.448882,0.274429,0.045161,0.088063,"HBSC"
"S_20_03626","B92_LH_54","NHS","Lake_Harbour_Kimmirut",1992,10,11,"Kimmirut","HL012",5,0.002253,0.621818,0.250673,0.046207,0.079049,"HBSC"
"S_20_03627","LH_24","NHS","Kimmirut",1989,7,1,"Kimmirut","HL001",5,0.038038,0.470421,0.33719,0.059621,0.09473,"HBSC"
"S_20_03628","LH_B91_01","NHS","Kimmirut",1991,10,17,"Kimmirut","HL012",5,0.048366,0.509104,0.336476,0.020625,0.085429,"HBSC"
"S_20_03630","B91_14","FRB","Iqaluit",1991,7,7,"Iqaluit","HL003",5,0.044451,0.52855,0.236426,0.093765,0.096808,"HBSC"
"S_20_03631","B_92_63_IQ","FRB","Iqaluit",1992,7,3,"Iqaluit","HL001",5,0.060774,0.473214,0.316097,0.039451,0.110464,"HBSC"
"S_20_03632","B_92_90_IQ","FRB","Iqaluit",1992,6,19,"Iqaluit","HL001",5,0.004108,1e-05,0.995862,1e-05,1e-05,"CSB"
"S_20_03633","B92_LH_40","NHS","Lake_Harbour_Kimmirut",1992,10,11,"Kimmirut","HL012",5,0.017681,0.599969,0.264891,0.033793,0.083665,"HBSC"
"S_20_03634","B92_LH_55","NHS","Lake_Harbour_Kimmirut",1992,10,11,"Kimmirut","HL003",5,1e-05,0.740642,0.148156,0.046269,0.064923,"HBSC"
"S_20_03636","LH_B91_03","NHS","Kimmirut",1991,10,17,"Kimmirut","HL015",5,0.031427,0.652067,0.29406,1e-05,0.022436,"HBSC"
"S_20_03649","DL99_27EDC","NEH","Akulivik",1999,10,19,"Akulivik","HL035",5,1e-05,0.529602,0.267704,0.025303,0.177381,"HBSC"
"S_20_03652","ARSQ_04_07_01","BEL","Sanikiluaq",2004,5,19,"Sanikiluaq","HL068",5,0.02983,0.02615,1e-05,0.944,1e-05,"JAM"
"S_20_03655","DL17_244","SEH","Island_Anderson",2017,6,22,"Umiujaq","HL010",5,0.047021,0.59452,0.188201,0.084301,0.085956,"HBSC"
"S_20_03656","DL17_261","SEH","Kuujjuarapik",2017,6,15,"Kuujjuaraapik","HL008",5,1e-05,1e-05,1e-05,0.99996,1e-05,"JAM"
"S_20_03658","DLN01_11","SEH","Nastapoka_Sound",2001,8,4,"Inukjuak","HL019",5,0.054415,0.80544,1e-05,1e-05,0.140125,"HBSC"
"S_20_03664","DL2009_004","SLE","Matane",2009,9,3,"Saint_Laurent","HL099",5,0.99996,1e-05,1e-05,1e-05,1e-05,"SLE"
"S_20_03665_rep","DL2011_005_F","SLE","Les_Boules",2011,8,9,"Saint_Laurent","HL099",5,0.99996,1e-05,1e-05,1e-05,1e-05,"SLE"
