ID_GQ,ID,Region_long,Region,Location,Lat,Lon,Year,Month,Day,Region2,Membership,O(HOM),E(HOM),N_SITES,F
222.NHS.2009.BELUGA.ADN_20_04798.S_20_01337.dl.n_s.bam,S_20_01337,North_Hudson_Strait_NHS,NHS,Big_Island,NA,NA,2009,6,10,NHS,PAN,641029,642561.2,832193,-0.00808
221.NHS.2009.BELUGA.ADN_20_04800.S_20_01339.dl.n_s.bam,S_20_01339,North_Hudson_Strait_NHS,NHS,Big_Island,NA,NA,2009,6,12,NHS,PAN,632365,626842.3,812521,0.02974
230.NHS.2008.BELUGA.ADN_20_05016.S_20_01386.dl.n_s.bam,S_20_01386,North_Hudson_Strait_NHS,NHS,Kimmirut,NA,NA,2008,6,19,NHS,PAN,610961,588328.2,763214,0.12941
234.NHS.1996.BELUGA.ADN_20_04910.S_20_01463.dl.n_s.bam,S_20_01463,North_Hudson_Strait_NHS,NHS,NA,NA,NA,1996,5,18,NHS,PAN,640361,643271.6,833218,-0.01532
143.SAN.2002.BELUGA.ADN_20_02292.S_20_00727.dl.n_s.bam,S_20_00727,Sanikiluaq_SAN,SAN,Sanikiluaq,NA,NA,2002,5,30,BEL,WHB,638250,632441.4,819457,0.03106
145.SAN.2002.BELUGA.ADN_20_02289.S_20_00730.dl.n_s.bam,S_20_00730,Sanikiluaq_SAN,SAN,Sanikiluaq,NA,NA,2002,5,NA,BEL,JAM-BEL,636856,635101,822762,0.00935
142.SAN.2002.BELUGA.ADN_20_02291.S_20_00739.dl.n_s.bam,S_20_00739,Sanikiluaq_SAN,SAN,Sanikiluaq,NA,NA,2002,5,NA,BEL,PAN,639310,637641.8,825990,0.00886
144.SAN.2002.BELUGA.ADN_20_02287.S_20_00744.dl.n_s.bam,S_20_00744,Sanikiluaq_SAN,SAN,Sanikiluaq,NA,NA,2002,5,30,BEL,PAN,630946,624431.2,809308,0.03524
136.SAN.2003.BELUGA.ADN_20_01088.S_20_00751.dl.n_s.bam,S_20_00751,Sanikiluaq_SAN,SAN,Sanikiluaq,NA,NA,2003,6,NA,BEL,PAN,635488,633189.9,820457,0.01227
137.SAN.2004.BELUGA.ADN_20_05321.S_20_00756.dl.n_s.bam,S_20_00756,Sanikiluaq_SAN,SAN,Sanikiluaq,NA,NA,2004,6,17,BEL,PAN,639189,641252.1,830489,-0.0109
146.SAN.2004.BELUGA.ADN_20_01094.S_20_00767.dl.n_s.bam,S_20_00767,Sanikiluaq_SAN,SAN,Sanikiluaq,NA,NA,2004,6,18,BEL,PAN,634589,628275.5,814201,0.03396
186.SAN.2009.BELUGA.ADN_20_05143.S_20_03466.dl.n_s.bam,S_20_03466,Sanikiluaq_SAN,SAN,Wiegand_Island,56.69333333,-79.20722222,2009,6,9,BEL,PAN,637816,633866.3,821126,0.02109
193.SAN.2018.BELUGA.ADN_20_05381.S_20_03644.dl.n_s.bam,S_20_03644,Sanikiluaq_SAN,SAN,Wiegand_Island,56.68,-79.23,2018,6,11,BEL,PAN,636543,633475,820568,0.0164
135.SAN.1998.BELUGA.ADN_20_05109.S_20_03675.dl.n_s.bam,S_20_03675,Sanikiluaq_SAN,SAN,Sanikiluaq,NA,NA,1998,5,11,BEL,JAM-BEL,642029,635555.6,823318,0.03448
113.SAN.2007.BELUGA.ADN_20_05112.S_20_03678.dl.n_s.bam,S_20_03678,Sanikiluaq_SAN,SAN,Hudson_Bay,NA,NA,2007,6,20,BEL,PAN,636514,637613,825755,-0.00584
154.SAN.2007.BELUGA.ADN_20_05115.S_20_03681.dl.n_s.bam,S_20_03681,Sanikiluaq_SAN,SAN,Sanikiluaq,NA,NA,2007,6,20,BEL,PAN,638215,630997.2,817407,0.03872
105.SAN.2008.BELUGA.ADN_20_05123.S_20_03689.dl.n_s.bam,S_20_03689,Sanikiluaq_SAN,SAN,Claw_Point_Kataluuk,56.611133,-79.142033,2008,5,23,BEL,JAM-BEL,643689,644634.5,834782,-0.00497
106.SAN.2009.BELUGA.ADN_20_05141.S_20_03707.dl.n_s.bam,S_20_03707,Sanikiluaq_SAN,SAN,Claw_Point_Kataluuk,56.61611111,-79.155,2009,6,22,BEL,PAN,634228,638875.5,827606,-0.02462
187.SAN.2010.BELUGA.ADN_20_05152.S_20_03718.dl.n_s.bam,S_20_03718,Sanikiluaq_SAN,SAN,Wiegand_Island,56.78611,-79.126666,2010,5,12,BEL,JAM-BEL,631107,614034.6,795850,0.0939
156.SAN.2010.BELUGA.ADN_20_05153.S_20_03719.dl.n_s.bam,S_20_03719,Sanikiluaq_SAN,SAN,Sanikiluaq,NA,NA,2010,5,13,BEL,JAM-BEL,640038,638076.3,826527,0.01041
119.SAN.2010.BELUGA.ADN_20_05154.S_20_03720.dl.n_s.bam,S_20_03720,Sanikiluaq_SAN,SAN,Renouf_island,56.55944444,-79.12138889,2010,5,22,BEL,JAM-BEL,652145,644453.1,834592,0.04045
158.SAN.2010.BELUGA.ADN_20_05156.S_20_03722.dl.n_s.bam,S_20_03722,Sanikiluaq_SAN,SAN,Sanikiluaq,NA,NA,2010,5,15,BEL,JAM-BEL,632194,619309,802702,0.07026
157.SAN.2010.BELUGA.ADN_20_05160.S_20_03726.dl.n_s.bam,S_20_03726,Sanikiluaq_SAN,SAN,Sanikiluaq,NA,NA,2010,5,24,BEL,JAM-BEL,629997,613114.4,794789,0.09293
120.SAN.2011.BELUGA.ADN_20_05173.S_20_03742.dl.n_s.bam,S_20_03742,Sanikiluaq_SAN,SAN,Renouf_Island,56.53583,-79.12002,2011,6,14,BEL,PAN,637074,644222.5,834313,-0.03761
160.SAN.2011.BELUGA.ADN_20_05174.S_20_03743.dl.n_s.bam,S_20_03743,Sanikiluaq_SAN,SAN,Sanikiluaq,NA,NA,2011,6,2,BEL,PAN,640821,628676.2,814437,0.06538
179.SAN.2020.BELUGA.ADN_20_05183.S_20_03752.dl.n_s.bam,S_20_03752,Sanikiluaq_SAN,SAN,Sanikiluaq,NA,NA,2020,5,23,BEL,PAN,635257,634399.2,822027,0.00457
183.SAN.2020.BELUGA.ADN_20_05184.S_20_03753.dl.n_s.bam,S_20_03753,Sanikiluaq_SAN,SAN,Sanikiluaq,NA,NA,2020,6,29,BEL,PAN,632504,632080.1,819018,0.00227
182.SAN.2020.BELUGA.ADN_20_05185.S_20_03754.dl.n_s.bam,S_20_03754,Sanikiluaq_SAN,SAN,Sanikiluaq,NA,NA,2020,6,29,BEL,PAN,626298,612771.5,794295,0.07452
153.SAN.2006.BELUGA.ADN_20_05190.S_20_03759.dl.n_s.bam,S_20_03759,Sanikiluaq_SAN,SAN,Sanikiluaq,NA,NA,2006,5,27,BEL,JAM-BEL,640600,644774.5,835053,-0.02194
152.SAN.2006.BELUGA.ADN_20_05191.S_20_03760.dl.n_s.bam,S_20_03760,Sanikiluaq_SAN,SAN,Sanikiluaq,NA,NA,2006,5,20,BEL,JAM-BEL,637557,630957.7,817433,0.03539
151.SAN.2006.BELUGA.ADN_20_05192.S_20_03761.dl.n_s.bam,S_20_03761,Sanikiluaq_SAN,SAN,Sanikiluaq,NA,NA,2006,5,27,BEL,JAM-BEL,636790,645831.1,836432,-0.04743
155.SAN.2007.BELUGA.ADN_20_05195.S_20_03764.dl.n_s.bam,S_20_03764,Sanikiluaq_SAN,SAN,Sanikiluaq,NA,NA,2007,6,21,BEL,PAN,635909,639774.2,828542,-0.02048
116.SAN.1998.BELUGA.ADN_20_05200.S_20_03769.dl.n_s.bam,S_20_03769,Sanikiluaq_SAN,SAN,Mosisee_Point,NA,NA,1998,5,18,BEL,JAM-BEL,616573,591153.2,766588,0.1449
129.SAN.1995.BELUGA.ADN_20_05214.S_20_03785.dl.n_s.bam,S_20_03785,Sanikiluaq_SAN,SAN,Sanikiluaq,NA,NA,1995,6,13,BEL,PAN,627425,636742.3,825241,-0.04943
133.SAN.1997.BELUGA.ADN_20_05227.S_20_03803.dl.n_s.bam,S_20_03803,Sanikiluaq_SAN,SAN,Sanikiluaq,NA,NA,1997,6,12,BEL,PAN,635555,644004.8,834144,-0.04444
134.SAN.1997.BELUGA.ADN_20_05233.S_20_03816.dl.n_s.bam,S_20_03816,Sanikiluaq_SAN,SAN,Sanikiluaq,NA,NA,1997,6,26,BEL,PAN,638939,632719.2,819688,0.03327
125.SAN.1993.BELUGA.ADN_20_06003.S_20_03822.dl.n_s.bam,S_20_03822,Sanikiluaq_SAN,SAN,Sanikiluaq,NA,NA,1993,6,22,BEL,PAN,615753,603181.7,782168,0.07024
124.SAN.1993.BELUGA.ADN_20_06004.S_20_03827.dl.n_s.bam,S_20_03827,Sanikiluaq_SAN,SAN,Sanikiluaq,NA,NA,1993,6,16,BEL,WHB,631066,639935.7,829120,-0.04688
128.SAN.1994.BELUGA.ADN_20_05243.S_20_03830.dl.n_s.bam,S_20_03830,Sanikiluaq_SAN,SAN,Sanikiluaq,NA,NA,1994,6,21,BEL,PAN,642089,643571.4,833558,-0.0078
114.SAN.1994.BELUGA.ADN_20_05245.S_20_03832.dl.n_s.bam,S_20_03832,Sanikiluaq_SAN,SAN,Katapik,NA,NA,1994,6,25,BEL,PAN,634053,632023.2,818966,0.01086
127.SAN.1994.BELUGA.ADN_20_05248.S_20_03836.dl.n_s.bam,S_20_03836,Sanikiluaq_SAN,SAN,Sanikiluaq,NA,NA,1994,6,25,BEL,PAN,625896,619153.1,802789,0.03672
149.SAN.2005.BELUGA.ADN_20_05280.S_20_03876.dl.n_s.bam,S_20_03876,Sanikiluaq_SAN,SAN,Sanikiluaq,NA,NA,2005,5,28,BEL,JAM-BEL,640979,647363.3,838308,-0.03344
150.SAN.2005.BELUGA.ADN_20_05284.S_20_03880.dl.n_s.bam,S_20_03880,Sanikiluaq_SAN,SAN,Sanikiluaq,NA,NA,2005,5,8,BEL,JAM-BEL,636758,622326.6,806599,0.07832
148.SAN.2005.BELUGA.ADN_20_05285.S_20_03881.dl.n_s.bam,S_20_03881,Sanikiluaq_SAN,SAN,Sanikiluaq,NA,NA,2005,5,11,BEL,JAM-BEL,634675,625993.2,811058,0.04691
192.SAN.2018.BELUGA.ADN_20_05367.S_20_03965.dl.n_s.bam,S_20_03965,Sanikiluaq_SAN,SAN,Wiegand_Island,56.68461,-79.24886,2018,6,11,BEL,PAN,620482,606614.5,786281,0.07718
190.SAN.2018.BELUGA.ADN_20_05370.S_20_03968.dl.n_s.bam,S_20_03968,Sanikiluaq_SAN,SAN,Wiegand_Island,56.73242,-79.25686,2018,6,1,BEL,PAN,636132,626878.4,812323,0.0499
191.SAN.2018.BELUGA.ADN_20_05371.S_20_03969.dl.n_s.bam,S_20_03969,Sanikiluaq_SAN,SAN,Wiegand_Island,56.73241,-79.25686,2018,6,2,BEL,PAN,636082,628828.3,814754,0.03901
189.SAN.2018.BELUGA.ADN_20_05373.S_20_03971.dl.n_s.bam,S_20_03971,Sanikiluaq_SAN,SAN,Wiegand_Island,56.68461,-79.24886,2018,6,11,BEL,PAN,636477,636739.5,824968,-0.00139
107.SAN.2018.BELUGA.ADN_20_05379.S_20_03977.dl.n_s.bam,S_20_03977,Sanikiluaq_SAN,SAN,Claw_Point_Kataluuk,56.6294,-79.1402,2018,6,14,BEL,PAN,636648,620926.3,804872,0.08547
173.SAN.2019.BELUGA.ADN_20_05394.S_20_03992.dl.n_s.bam,S_20_03992,Sanikiluaq_SAN,SAN,Sanikiluaq,NA,NA,2019,6,12,BEL,PAN,612815,599000.7,776481,0.07784
174.SAN.2019.BELUGA.ADN_20_05398.S_20_03996.dl.n_s.bam,S_20_03996,Sanikiluaq_SAN,SAN,Sanikiluaq,NA,NA,2019,6,NA,BEL,PAN,633736,625661,810695,0.04364
167.SAN.2016.BELUGA.ADN_20_05407.S_20_04005.dl.n_s.bam,S_20_04005,Sanikiluaq_SAN,SAN,Sanikiluaq,56.37045,-79.45097,2016,6,28,BEL,LGR,635544,636535.6,824692,-0.00527
170.SAN.2016.BELUGA.ADN_20_05408.S_20_04007.dl.n_s.bam,S_20_04007,Sanikiluaq_SAN,SAN,Sanikiluaq,56.37045,-79.45097,2016,6,28,BEL,LGR,639400,642732.4,832475,-0.01756
168.SAN.2016.BELUGA.ADN_20_05418.S_20_04017.dl.n_s.bam,S_20_04017,Sanikiluaq_SAN,SAN,Sanikiluaq,56.37128,-79.45097,2016,6,28,BEL,LGR,634894,633763.7,821112,0.00603
169.SAN.2016.BELUGA.ADN_20_05420.S_20_04019.dl.n_s.bam,S_20_04019,Sanikiluaq_SAN,SAN,Sanikiluaq,55.73578,-79.32612,2016,6,23,BEL,LGR,636661,629817.9,815967,0.03676
166.SAN.2016.BELUGA.ADN_20_05422.S_20_04021.dl.n_s.bam,S_20_04021,Sanikiluaq_SAN,SAN,Sanikiluaq,56.31667,-79.46667,2016,6,28,BEL,LGR,635553,643377.9,833261,-0.04121
122.SAN.2017.BELUGA.ADN_20_05432.S_20_04031.dl.n_s.bam,S_20_04031,Sanikiluaq_SAN,SAN,Renouf_island,56.55162,-79.12278,2017,5,31,BEL,PAN,634338,633291.5,820418,0.00559
121.SAN.2017.BELUGA.ADN_20_05434.S_20_04033.dl.n_s.bam,S_20_04033,Sanikiluaq_SAN,SAN,Renouf_island,56.55162,-79.12278,2017,5,26,BEL,JAM-BEL,638338,634901,822443,0.01833
171.SAN.2017.BELUGA.ADN_20_05435.S_20_04034.dl.n_s.bam,S_20_04034,Sanikiluaq_SAN,SAN,Sanikiluaq,NA,NA,2017,5,23,BEL,JAM-BEL,638880,642771.5,832472,-0.02051
108.SAN.2019.BELUGA.ADN_20_05457.S_20_04056.dl.n_s.bam,S_20_04056,Sanikiluaq_SAN,SAN,Claw_Point_Kataluuk,56.6047093,-79.1476503,2019,6,12,BEL,PAN,635468,629832.4,815940,0.03028
178.SAN.2020.BELUGA.ADN_20_05477.S_20_04076.dl.n_s.bam,S_20_04076,Sanikiluaq_SAN,SAN,Sanikiluaq,NA,NA,2020,5,25,BEL,PAN,632927,631480.7,818254,0.00774
176.SAN.2020.BELUGA.ADN_20_05488.S_20_04087.dl.n_s.bam,S_20_04087,Sanikiluaq_SAN,SAN,Sanikiluaq,NA,NA,2020,6,3,BEL,PAN,639542,631286.2,818108,0.04419
181.SAN.2020.BELUGA.ADN_20_05489.S_20_04088.dl.n_s.bam,S_20_04088,Sanikiluaq_SAN,SAN,Sanikiluaq,NA,NA,2020,6,3,BEL,PAN,632275,627124.2,812625,0.02777
245.SHS.2003.BELUGA.ADN_20_02725.S_20_00905.dl.n_s.bam,S_20_00905,South_Hudson_Strait_SHS,SHS,Falaise_Innijuaq,62.425,-75.41944444,2003,6,28,SHS,PAN,615550,591708.9,767741,0.13544
281.SHS.2019.BELUGA.ADN_20_02324.S_20_01140.dl.n_s.bam,S_20_01140,South_Hudson_Strait_SHS,SHS,Salluit,NA,NA,2019,6,8,SHS,PAN,636137,623833.2,808639,0.06658
276.SHS.2019.BELUGA.ADN_20_04606.S_20_01149.dl.n_s.bam,S_20_01149,South_Hudson_Strait_SHS,SHS,Quaqtaq,NA,NA,2019,6,15,SHS,PAN,626529,610855.6,791788,0.08663
266.SHS.2019.BELUGA.ADN_20_02312.S_20_01181.dl.n_s.bam,S_20_01181,South_Hudson_Strait_SHS,SHS,Nuvuk,61.078,-69.553,2019,6,10,SHS,PAN,598724,652671,844974,-0.28053
265.SHS.2019.BELUGA.ADN_20_02318.S_20_01182.dl.n_s.bam,S_20_01182,South_Hudson_Strait_SHS,SHS,Nuvuk,61.078,-69.553,2019,6,11,SHS,PAN,604104,585199.6,759333,0.10856
269.SHS.2019.BELUGA.ADN_20_02315.S_20_01644.dl.n_s.bam,S_20_01644,South_Hudson_Strait_SHS,SHS,Nuvuk,61.078,-69.553,2019,6,10,SHS,PAN,636613,643958.1,834018,-0.03865
267.SHS.2019.BELUGA.ADN_20_02310.S_20_01680.dl.n_s.bam,S_20_01680,South_Hudson_Strait_SHS,SHS,Nuvuk,61.078,-69.553,2019,6,9,SHS,PAN,635709,630060.5,816492,0.0303
268.SHS.2019.BELUGA.ADN_20_02311.S_20_01699.dl.n_s.bam,S_20_01699,South_Hudson_Strait_SHS,SHS,Nuvuk,61.078,-69.553,2019,6,9,SHS,PAN,636352,629862.5,816167,0.03483
283.SHS.2019.BELUGA.ADN_20_02344.S_20_01705.dl.n_s.bam,S_20_01705,South_Hudson_Strait_SHS,SHS,Sugluk_Island,NA,NA,2019,6,8,SHS,PAN,635353,632417.1,819526,0.01569
273.SHS.2013.BELUGA.ADN_20_04066.S_20_01998.dl.n_s.bam,S_20_01998,South_Hudson_Strait_SHS,SHS,Quaqtaq,61.077,-69.553,2013,6,24,SHS,PAN,631948,630482.9,817359,0.00784
254.SHS.2000.BELUGA.ADN_20_04454.S_20_02317.dl.n_s.bam,S_20_02317,South_Hudson_Strait_SHS,SHS,Kangiqsujuaq,NA,NA,2000,6,26,SHS,PAN,606030,581933.5,755804,0.13859
263.SHS.2007.BELUGA.ADN_20_02564.S_20_02719.dl.n_s.bam,S_20_02719,South_Hudson_Strait_SHS,SHS,Nuvuk,61.164,-69.639,2007,6,22,SHS,PAN,640256,629829.1,816220,0.05594
255.SHS.2007.BELUGA.ADN_20_02545.S_20_02755.dl.n_s.bam,S_20_02755,South_Hudson_Strait_SHS,SHS,Kangiqsujuaq,61.598,-71.96,2007,6,7,SHS,PAN,632967,616639.8,799574,0.08925
243.SHS.2009.BELUGA.ADN_20_05055.S_20_02799.dl.n_s.bam,S_20_02799,South_Hudson_Strait_SHS,SHS,Camp_Imilimmiut,NA,NA,2009,6,26,SHS,PAN,624674,613402.7,795891,0.06176
282.SHS.2005.BELUGA.ADN_20_04236.S_20_03257.dl.n_s.bam,S_20_03257,South_Hudson_Strait_SHS,SHS,Salluit_Fjord,62.22,-75.673,2005,6,20,SHS,PAN,628384,617653,800672,0.05863
346.SLE.2018.BELUGA.ADN_20_04289.S_20_01763.dl.n_s.bam,S_20_01763,Saint_Laurent_SLE,SLE,Cap_aux_Oies,NA,NA,2018,6,2,SLE,SLE,658560,622306.2,806307,0.19703
350.SLE.2018.BELUGA.ADN_20_04285.S_20_01764.dl.n_s.bam,S_20_01764,Saint_Laurent_SLE,SLE,Island_Verte,NA,NA,2018,5,20,SLE,SLE,659944,643818.1,833666,0.08494
357.SLE.2011.BELUGA.ADN_20_05805.S_20_01773.dl.n_s.bam,S_20_01773,Saint_Laurent_SLE,SLE,Rimouski_est,48.78527778,-68.54277778,2011,5,19,SLE,SLE,640876,626559.9,811850,0.07726
349.SLE.2017.BELUGA.ADN_20_05740.S_20_01785.dl.n_s.bam,S_20_01785,Saint_Laurent_SLE,SLE,Ile_aux_Basques,NA,NA,2017,5,20,SLE,SLE,656174,622231.5,806463,0.18424
355.SLE.2010.BELUGA.ADN_20_05806.S_20_03535.dl.n_s.bam,S_20_03535,Saint_Laurent_SLE,SLE,Rimouski,48.42944444,-68.59611111,2010,6,10,SLE,SLE,634156,596518.2,773459,0.21271
344.SLE.2019.BELUGA.ADN_20_05812.S_20_03537.dl.n_s.bam,S_20_03537,Saint_Laurent_SLE,SLE,Baie_des_Sables,48.722212,-67.89651,2019,4,8,SLE,SLE,661207,644912.5,835206,0.08563
356.SLE.2019.BELUGA.ADN_20_05092.S_20_03538.dl.n_s.bam,S_20_03538,Saint_Laurent_SLE,SLE,Rimouski,48.422994,-68.607249,2019,5,13,SLE,SLE,663390,646283.4,836907,0.08974
365.SLE.2019.BELUGA.ADN_20_05093.S_20_03539.dl.n_s.bam,S_20_03539,Saint_Laurent_SLE,SLE,St_Ulric,48.785139,-67.700917,2019,6,19,SLE,SLE,647589,615875.9,798100,0.17403
335.CBS.2002.BELUGA.ADN_20_04835.S_20_00661.dl.n_s.bam,S_20_00661,Cumberland_Sound_CBS,CBS,Pangnirtung_Imigen,65.96684,-67.023274,2002,7,6,CBS,CBS,641460,640564.1,829609,0.00474
309.CBS.2002.BELUGA.ADN_20_01145.S_20_00662.dl.n_s.bam,S_20_00662,Cumberland_Sound_CBS,CBS,Pangnirtung,NA,NA,2002,7,25,CBS,CBS,630187,625401.4,810536,0.02585
327.CBS.2002.BELUGA.ADN_20_02299.S_20_00663.dl.n_s.bam,S_20_00663,Cumberland_Sound_CBS,CBS,Pangnirtung_Bon_Accord,65.216271,-65.750172,2002,7,22,CBS,CBS,634402,622161.7,806529,0.06639
328.CBS.2005.BELUGA.ADN_20_02296.S_20_00664.dl.n_s.bam,S_20_00664,Cumberland_Sound_CBS,CBS,Pangnirtung_Bon_Accord,65.216271,-65.750172,2005,8,4,CBS,PAN,618716,599919.9,777736,0.10571
339.CBS.2002.BELUGA.ADN_20_01139.S_20_00691.dl.n_s.bam,S_20_00691,Cumberland_Sound_CBS,CBS,Pangnirtung_Imilit,65.96684,-67.023274,2002,7,22,CBS,CBS,636265,634782.8,822595,0.00789
316.CBS.2005.BELUGA.ADN_20_02375.S_20_00693.dl.n_s.bam,S_20_00693,Cumberland_Sound_CBS,CBS,Pangnirtung,NA,NA,2005,7,NA,CBS,PAN,640186,641609.5,831035,-0.00751
326.CBS.2002.BELUGA.ADN_20_02300.S_20_00694.dl.n_s.bam,S_20_00694,Cumberland_Sound_CBS,CBS,Pangnirtung_Angijak_Island,66.01,-63.02,2002,7,22,CBS,CBS,638838,636769,824968,0.01099
319.CBS.2006.BELUGA.ADN_20_02380.S_20_00703.dl.n_s.bam,S_20_00703,Cumberland_Sound_CBS,CBS,Pangnirtung,NA,NA,2006,7,1,CBS,CBS,639112,646037.7,836639,-0.03634
333.CBS.2002.BELUGA.ADN_20_02420.S_20_00776.dl.n_s.bam,S_20_00776,Cumberland_Sound_CBS,CBS,Pangnirtung_Ilugajut,66.322083,-67.103718,2002,7,NA,CBS,CBS,636861,644246.2,834376,-0.03884
338.CBS.2002.BELUGA.ADN_20_02298.S_20_00778.dl.n_s.bam,S_20_00778,Cumberland_Sound_CBS,CBS,Pangnirtung_Imilit,65.890667,-67.195387,2002,7,6,CBS,CBS,636189,625811.6,811127,0.056
324.CBS.2007.BELUGA.ADN_20_02283.S_20_00781.dl.n_s.bam,S_20_00781,Cumberland_Sound_CBS,CBS,Pangnirtung,NA,NA,2007,7,4,CBS,CBS,634351,625042.4,810053,0.05031
341.CBS.2007.BELUGA.ADN_20_02285.S_20_00784.dl.n_s.bam,S_20_00784,Cumberland_Sound_CBS,CBS,Pangnirtung_Kangilo_Fjord,66.31680556,-67.625,2007,7,4,CBS,CBS,637883,639413.4,828366,-0.0081
322.CBS.2006.BELUGA.ADN_20_02286.S_20_00785.dl.n_s.bam,S_20_00785,Cumberland_Sound_CBS,CBS,Pangnirtung,NA,NA,2006,7,18,CBS,CBS,631497,620756.5,804643,0.05841
340.CBS.2009.BELUGA.ADN_20_04646.S_20_01255.dl.n_s.bam,S_20_01255,Cumberland_Sound_CBS,CBS,Pangnirtung_Imilit,65.890667,-67.195387,2009,7,4,CBS,PAN,639712,641743.9,831184,-0.01073
336.CBS.1997.BELUGA.ADN_20_04666.S_20_01270.dl.n_s.bam,S_20_01270,Cumberland_Sound_CBS,CBS,Pangnirtung_Imilit,NA,NA,1997,7,13,CBS,CBS,635379,631488.5,818354,0.02082
305.CBS.1997.BELUGA.ADN_20_05020.S_20_01273.dl.n_s.bam,S_20_01273,Cumberland_Sound_CBS,CBS,NA,NA,NA,1997,7,15,CBS,CBS,644075,639118,827985,0.02625
303.CBS.1997.BELUGA.ADN_20_04678.S_20_01327.dl.n_s.bam,S_20_01327,Cumberland_Sound_CBS,CBS,NA,NA,NA,1997,7,8,CBS,CBS,635103,640431.2,829678,-0.02815
306.CBS.2001.BELUGA.ADN_20_04816.S_20_01329.dl.n_s.bam,S_20_01329,Cumberland_Sound_CBS,CBS,NA,NA,NA,2001,7,9,CBS,CBS,630971,623002.8,807485,0.04319
297.CBS.2000.BELUGA.ADN_20_04814.S_20_01335.dl.n_s.bam,S_20_01335,Cumberland_Sound_CBS,CBS,Aupaluktok_Island,66.1766,-66.259144,2000,7,10,CBS,CBS,635207,642132.2,831793,-0.03651
304.CBS.1997.BELUGA.ADN_20_04853.S_20_01409.dl.n_s.bam,S_20_01409,Cumberland_Sound_CBS,CBS,NA,NA,NA,1997,7,5,CBS,CBS,639212,632571.1,819647,0.0355
332.CBS.2002.BELUGA.ADN_20_02301.S_20_01418.dl.n_s.bam,S_20_01418,Cumberland_Sound_CBS,CBS,Pangnirtung_Cumberland_Sound,65.216271,-65.750172,2002,7,22,CBS,CBS,639925,635602,823523,0.023
330.CBS.1997.BELUGA.ADN_20_04935.S_20_01430.dl.n_s.bam,S_20_01430,Cumberland_Sound_CBS,CBS,Pangnirtung_Cumberland_Sound,NA,NA,1997,7,9,CBS,CBS,637949,636572.9,824584,0.00732
331.CBS.1997.BELUGA.ADN_20_04937.S_20_01432.dl.n_s.bam,S_20_01432,Cumberland_Sound_CBS,CBS,Pangnirtung_Cumberland_Sound,NA,NA,1997,7,15,CBS,CBS,636837,636214,824274,0.00331
301.CBS.1984.BELUGA.ADN_20_05960.S_20_01539.dl.n_s.bam,S_20_01539,Cumberland_Sound_CBS,CBS,Clearwater_Fiord,NA,NA,1984,8,25,CBS,CBS,635680,632574.4,819725,0.01659
329.CBS.2010.BELUGA.ADN_20_05937.S_20_01546.dl.n_s.bam,S_20_01546,Cumberland_Sound_CBS,CBS,Pangnirtung_Bon_Accord,65.216271,-65.750172,2010,7,6,CBS,CBS,640762,633158.2,820390,0.04061
298.CBS.1982.BELUGA.ADN_20_05930.S_20_01556.dl.n_s.bam,S_20_01556,Cumberland_Sound_CBS,CBS,Clearwater_Fiord,66.5674,-67.4474,1982,7,21,CBS,CBS,639382,645681.8,836175,-0.03307
302.CBS.2016.BELUGA.ADN_20_05906.S_20_01580.dl.n_s.bam,S_20_01580,Cumberland_Sound_CBS,CBS,Cumberland_sound_Ingiiqtivvik,NA,NA,2016,7,7,CBS,PAN,628956,623396.1,808083,0.0301
299.CBS.1984.BELUGA.ADN_20_05878.S_20_01597.dl.n_s.bam,S_20_01597,Cumberland_Sound_CBS,CBS,Pangnirtung,NA,NA,1984,8,16,CBS,PAN,630993,627248.7,813039,0.02015
300.CBS.1994.BELUGA.ADN_20_05968.S_20_03496.dl.n_s.bam,S_20_03496,Cumberland_Sound_CBS,CBS,Clearwater_Fiord,66.5674,-67.4474,1994,7,23,CBS,CBS,635451,627993.2,813850,0.04013
325.CBS.2007.BELUGA.ADN_20_02294.S_20_03509.dl.n_s.bam,S_20_03509,Cumberland_Sound_CBS,CBS,Pangnirtung,66.2689,-67.1083,2007,7,12,CBS,CBS,639398,632679.3,819676,0.03593
323.CBS.2007.BELUGA.ADN_20_02295.S_20_03510.dl.n_s.bam,S_20_03510,Cumberland_Sound_CBS,CBS,Pangnirtung,66.2689,-67.1083,2007,7,12,CBS,CBS,633683,627600.6,813466,0.03272
313.CBS.2002.BELUGA.ADN_20_02297.S_20_03511.dl.n_s.bam,S_20_03511,Cumberland_Sound_CBS,CBS,Pangnirtung,NA,NA,2002,7,NA,CBS,CBS,637941,636201.3,824242,0.00925
342.CBS.2002.BELUGA.ADN_20_01137.S_20_03522.dl.n_s.bam,S_20_03522,Cumberland_Sound_CBS,CBS,Pangnirtung_West_Cumberland_Sound,65.24083333,-66.65805556,2002,7,NA,CBS,CBS,629533,620179.3,803859,0.05092
296.FRB.2002.BELUGA.ADN_20_04810.S_20_01331.dl.n_s.bam,S_20_01331,Frobisher_Bay_FRB,FRB,NA,62.87,-67.54,2002,7,26,FRB,PAN,634631,628506.2,814324,0.03296
290.FRB.1997.BELUGA.ADN_20_04855.S_20_01400.dl.n_s.bam,S_20_01400,Frobisher_Bay_FRB,FRB,Iqaluit,NA,NA,1997,8,2,FRB,PAN,631926,625936,811288,0.03232
294.FRB.1996.BELUGA.ADN_20_04926.S_20_01434.dl.n_s.bam,S_20_01434,Frobisher_Bay_FRB,FRB,NA,NA,NA,1996,7,16,FRB,PAN,620735,604509,783870,0.09047
295.FRB.1996.BELUGA.ADN_20_04929.S_20_01437.dl.n_s.bam,S_20_01437,Frobisher_Bay_FRB,FRB,NA,NA,NA,1996,7,18,FRB,PAN,638347,635862.4,823806,0.01322
293.FRB.1996.BELUGA.ADN_20_04930.S_20_01438.dl.n_s.bam,S_20_01438,Frobisher_Bay_FRB,FRB,NA,NA,NA,1996,8,11,FRB,PAN,635396,635443.2,823344,-0.00025
289.FRB.1996.BELUGA.ADN_20_04918.S_20_01444.dl.n_s.bam,S_20_01444,Frobisher_Bay_FRB,FRB,Hidden_Bay,NA,NA,1996,8,5,FRB,PAN,635534,631376.3,818083,0.02227
291.FRB.1993.BELUGA.ADN_20_04901.S_20_01454.dl.n_s.bam,S_20_01454,Frobisher_Bay_FRB,FRB,Kajoosie_Inlet,NA,NA,1993,8,17,FRB,PAN,639339,634446.4,822029,0.02608
292.FRB.1994.BELUGA.ADN_20_04909.S_20_01462.dl.n_s.bam,S_20_01462,Frobisher_Bay_FRB,FRB,NA,NA,NA,1994,7,23,FRB,PAN,637238,639442.1,828337,-0.01167
66.JAM.2007.BELUGA.ADN_20_00971.S_20_00622.dl.n_s.bam,S_20_00622,James_Bay_JAM,JAM,Pointe_de_Repentigny,52.64,-78.856,2007,8,9,JAM,JAM-BEL,642163,638167.8,826714,0.02119
65.JAM.2007.BELUGA.ADN_20_00975.S_20_00699.dl.n_s.bam,S_20_00699,James_Bay_JAM,JAM,Pointe_de_Repentigny,52.64,-78.856,2007,8,25,JAM,JAM-BEL,640431,635121.4,822838,0.02829
68.JAM.2008.BELUGA.ADN_20_02349.S_20_00710.dl.n_s.bam,S_20_00710,James_Bay_JAM,JAM,Pointe_de_Repentigny_James_Bay,52.64,-78.856,2008,8,10,JAM,JAM-BEL,640810,639196.8,827958,0.00855
64.JAM.2007.BELUGA.ADN_20_02340.S_20_00711.dl.n_s.bam,S_20_00711,James_Bay_JAM,JAM,Pointe_de_Repentigny,52.64,-78.856,2007,8,9,JAM,JAM-BEL,624840,608564.2,788643,0.09038
61.JAM.2003.BELUGA.ADN_20_01040.S_20_01154.dl.n_s.bam,S_20_01154,James_Bay_JAM,JAM,James_Bay,53.08333333,-80.58333333,2003,7,22,JAM,JAM-BEL,644668,643603.6,833637,0.0056
71.JAM.2009.BELUGA.ADN_20_05089.S_20_03444.dl.n_s.bam,S_20_03444,James_Bay_JAM,JAM,Pointe_de_Repentigny_James_Bay,52.64,-78.856,2009,7,29,JAM,JAM-BEL,645950,642431.1,832112,0.01855
73.JAM.2009.BELUGA.ADN_20_01167.S_20_03447.dl.n_s.bam,S_20_03447,James_Bay_JAM,JAM,Pointe_de_Repentigny_James_Bay,52.64,-78.856,2009,8,1,JAM,JAM-BEL,640313,629788,816081,0.0565
72.JAM.2009.BELUGA.ADN_20_01168.S_20_03448.dl.n_s.bam,S_20_03448,James_Bay_JAM,JAM,Pointe_de_Repentigny_James_Bay,52.64,-78.856,2009,8,9,JAM,JAM-BEL,639258,632180.9,819091,0.03786
70.JAM.2008.BELUGA.ADN_20_02347.S_20_03453.dl.n_s.bam,S_20_03453,James_Bay_JAM,JAM,Pointe_de_Repentigny_James_Bay,52.64,-78.856,2008,8,8,JAM,JAM-BEL,642498,629496.4,815569,0.06987
69.JAM.2008.BELUGA.ADN_20_02350.S_20_03455.dl.n_s.bam,S_20_03455,James_Bay_JAM,JAM,Pointe_de_Repentigny_James_Bay,52.64,-78.856,2008,8,16,JAM,JAM-BEL,636876,641551.5,830975,-0.02468
194.NHB.1993.BELUGA.ADN_20_02014.S_20_00929.dl.n_s.bam,S_20_00929,North_Hudson_Bay_NHB,NHB,Coral_Harbour,NA,NA,1993,7,27,WHB,PAN,635450,636365,824534,-0.00486
198.NHB.1999.BELUGA.ADN_20_02052.S_20_01051.dl.n_s.bam,S_20_01051,North_Hudson_Bay_NHB,NHB,Coral_Harbour,64.108744,-83.117867,1999,8,16,WHB,PAN,630441,624695.3,809636,0.03107
197.NHB.1999.BELUGA.ADN_20_01276.S_20_01052.dl.n_s.bam,S_20_01052,North_Hudson_Bay_NHB,NHB,Coral_Harbour,64.108744,-83.117867,1999,8,16,WHB,PAN,637343,623619,808455,0.07425
200.NHB.2000.BELUGA.ADN_20_04748.S_20_01062.dl.n_s.bam,S_20_01062,North_Hudson_Bay_NHB,NHB,Coral_Harbour,64.108744,-83.117867,2000,8,24,WHB,PAN,642166,631695.4,818356,0.05609
202.NHB.2000.BELUGA.ADN_20_04752.S_20_01063.dl.n_s.bam,S_20_01063,North_Hudson_Bay_NHB,NHB,Coral_Harbour_Bear_Island,64.108744,-83.117867,2000,8,25,WHB,PAN,638532,635668.3,823476,0.01525
199.NHB.2000.BELUGA.ADN_20_04746.S_20_01066.dl.n_s.bam,S_20_01066,North_Hudson_Bay_NHB,NHB,Coral_Harbour,64.108744,-83.117867,2000,8,24,WHB,PAN,636316,645004.3,835286,-0.04566
205.NHB.2000.BELUGA.ADN_20_04749.S_20_01067.dl.n_s.bam,S_20_01067,North_Hudson_Bay_NHB,NHB,Coral_Harbour_Kirchoffer_Point,64.108744,-83.117867,2000,8,24,WHB,PAN,632509,636076.6,824268,-0.01896
207.NHB.2007.BELUGA.ADN_20_04654.S_20_01259.dl.n_s.bam,S_20_01259,North_Hudson_Bay_NHB,NHB,NA,NA,NA,2007,8,16,WHB,PAN,642234,632244.6,818981,0.05349
208.NHB.2007.BELUGA.ADN_20_05021.S_20_01260.dl.n_s.bam,S_20_01260,North_Hudson_Bay_NHB,NHB,NA,NA,NA,2007,8,16,WHB,PAN,640323,627713.7,813377,0.06791
206.NHB.2007.BELUGA.ADN_20_04657.S_20_01261.dl.n_s.bam,S_20_01261,North_Hudson_Bay_NHB,NHB,NA,NA,NA,2007,8,14,WHB,PAN,629549,623360,807975,0.03352
203.NHB.2000.BELUGA.ADN_20_04743.S_20_01279.dl.n_s.bam,S_20_01279,North_Hudson_Bay_NHB,NHB,Coral_Harbour_Bear_Island,NA,NA,2000,8,25,WHB,PAN,630590,624563.5,809304,0.03262
218.NHB.2009.BELUGA.ADN_20_04805.S_20_01359.dl.n_s.bam,S_20_01359,North_Hudson_Bay_NHB,NHB,Snafu,NA,NA,2009,8,17,WHB,PAN,638930,641848.8,831276,-0.01541
204.NHB.2001.BELUGA.ADN_20_04877.S_20_01384.dl.n_s.bam,S_20_01384,North_Hudson_Bay_NHB,NHB,Coral_Harbour_Bear_Island,NA,NA,2001,8,8,WHB,PAN,639434,641030.3,830198,-0.00844
209.NHB.2001.BELUGA.ADN_20_05953.S_20_01388.dl.n_s.bam,S_20_01388,North_Hudson_Bay_NHB,NHB,Native_Point,NA,NA,2001,7,27,WHB,PAN,630337,626136,811542,0.02266
210.NHB.2001.BELUGA.ADN_20_04881.S_20_01390.dl.n_s.bam,S_20_01390,North_Hudson_Bay_NHB,NHB,Native_Point,NA,NA,2001,7,27,WHB,PAN,634527,629912.2,816197,0.02477
201.NHB.2001.BELUGA.ADN_20_04872.S_20_01391.dl.n_s.bam,S_20_01391,North_Hudson_Bay_NHB,NHB,Coral_Harbour,NA,NA,2001,8,3,WHB,PAN,638596,635037.5,822499,0.01898
211.NHB.2001.BELUGA.ADN_20_04873.S_20_01392.dl.n_s.bam,S_20_01392,North_Hudson_Bay_NHB,NHB,Native_Point,NA,NA,2001,7,27,WHB,PAN,638030,644222.1,834308,-0.03258
212.NHB.2001.BELUGA.ADN_20_04874.S_20_01393.dl.n_s.bam,S_20_01393,North_Hudson_Bay_NHB,NHB,Native_Point,NA,NA,2001,7,27,WHB,PAN,637113,637255.2,825517,-0.00076
214.NHB.2001.BELUGA.ADN_20_04876.S_20_01394.dl.n_s.bam,S_20_01394,North_Hudson_Bay_NHB,NHB,Nunaguluk,NA,NA,2001,8,19,WHB,PAN,641565,641580.3,830965,-0.00008
216.NHB.2001.BELUGA.ADN_20_04867.S_20_01413.dl.n_s.bam,S_20_01413,North_Hudson_Bay_NHB,NHB,Nuvua,NA,NA,2001,8,3,WHB,PAN,638143,637662.7,826048,0.00255
213.NHB.2001.BELUGA.ADN_20_04869.S_20_01414.dl.n_s.bam,S_20_01414,North_Hudson_Bay_NHB,NHB,Native_Point,NA,NA,2001,7,27,WHB,PAN,642200,629216.2,815348,0.06976
219.NHB.2001.BELUGA.ADN_20_04870.S_20_01415.dl.n_s.bam,S_20_01415,North_Hudson_Bay_NHB,NHB,Town,NA,NA,2001,8,30,WHB,PAN,634002,625485.1,810603,0.04601
217.NHB.2001.BELUGA.ADN_20_04898.S_20_01480.dl.n_s.bam,S_20_01480,North_Hudson_Bay_NHB,NHB,on_water_800_yds_from_town,NA,NA,2001,8,20,WHB,PAN,639802,643559.4,833492,-0.01978
215.NHB.2001.BELUGA.ADN_20_05970.S_20_03497.dl.n_s.bam,S_20_03497,North_Hudson_Bay_NHB,NHB,Nunaguluk,NA,NA,2001,8,22,WHB,PAN,626617,613694.6,795342,0.07114
223.NHS.1993.BELUGA.ADN_20_04900.S_20_01453.dl.n_s.bam,S_20_01453,North_Hudson_Strait_NHS,NHS,Big_Island_Area,NA,NA,1993,7,10,NHS,PAN,635860,637035,825312,-0.00624
231.NHS.1989.BELUGA.ADN_20_05001.S_20_01528.dl.n_s.bam,S_20_01528,North_Hudson_Strait_NHS,NHS,Maniittur_Cape_Kimmirut,62.5,-69.51,1989,7,10,NHS,PAN,633450,645042,835456,-0.06088
16.NWH.1999.BELUGA.ADN_20_02092.S_20_00657.dl.n_s.bam,S_20_00657,North_West_Hudson_NWH,NWH,Arviat,NA,NA,1999,8,12,WHB,CBS,636067,638569.3,827219,-0.01326
44.NWH.1992.BELUGA.ADN_20_01413.S_20_00678.dl.n_s.bam,S_20_00678,North_West_Hudson_NWH,NWH,Churchill,NA,NA,1992,7,5,WHB,PAN,624787,610518.3,792094,0.07858
18.NWH.1999.BELUGA.ADN_20_01484.S_20_00681.dl.n_s.bam,S_20_00681,North_West_Hudson_NWH,NWH,Arviat,NA,NA,1999,8,11,WHB,PAN,633034,618206.7,801425,0.08093
17.NWH.1999.BELUGA.ADN_20_01402.S_20_00682.dl.n_s.bam,S_20_00682,North_West_Hudson_NWH,NWH,Arviat,NA,NA,1999,8,11,WHB,PAN,615889,602540.5,782191,0.0743
22.NWH.2003.BELUGA.ADN_20_02360.S_20_00792.dl.n_s.bam,S_20_00792,North_West_Hudson_NWH,NWH,Arviat,NA,NA,2003,8,10,WHB,PAN,626308,615019.9,797314,0.06192
23.NWH.2003.BELUGA.ADN_20_01016.S_20_00795.dl.n_s.bam,S_20_00795,North_West_Hudson_NWH,NWH,Arviat,NA,NA,2003,8,17,WHB,PAN,637921,639704.7,828623,-0.00944
24.NWH.2003.BELUGA.ADN_20_02352.S_20_00804.dl.n_s.bam,S_20_00804,North_West_Hudson_NWH,NWH,Arviat,NA,NA,2003,8,14,WHB,PAN,620490,653058.4,845453,-0.16928
52.NWH.1997.BELUGA.ADN_20_01203.S_20_01022.dl.n_s.bam,S_20_01022,North_West_Hudson_NWH,NWH,Whale_Cove,NA,NA,1997,8,10,WHB,PAN,622543,604704.1,784349,0.0993
27.NWH.2009.BELUGA.ADN_20_04617.S_20_01230.dl.n_s.bam,S_20_01230,North_West_Hudson_NWH,NWH,Arviat,NA,NA,2009,8,20,WHB,PAN,631879,619947,803536,0.06499
26.NWH.2009.BELUGA.ADN_20_04620.S_20_01233.dl.n_s.bam,S_20_01233,North_West_Hudson_NWH,NWH,Arviat,NA,NA,2009,8,20,WHB,PAN,635173,629202.1,815211,0.0321
31.NWH.1999.BELUGA.ADN_20_04639.S_20_01250.dl.n_s.bam,S_20_01250,North_West_Hudson_NWH,NWH,Arviat_McConnell_River,NA,NA,1999,8,11,WHB,PAN,636657,643550.3,833486,-0.03629
38.NWH.2005.BELUGA.ADN_20_04738.S_20_01282.dl.n_s.bam,S_20_01282,North_West_Hudson_NWH,NWH,Arviat_Sentry_Island,NA,NA,2005,8,24,WHB,PAN,628676,638779.5,827668,-0.05349
48.NWH.1999.BELUGA.ADN_20_04732.S_20_01288.dl.n_s.bam,S_20_01288,North_West_Hudson_NWH,NWH,NA,NA,NA,1999,8,25,WHB,PAN,636983,635739.6,823661,0.00662
51.NWH.1999.BELUGA.ADN_20_04730.S_20_01290.dl.n_s.bam,S_20_01290,North_West_Hudson_NWH,NWH,Sannirut,NA,NA,1999,8,19,WHB,PAN,632357,624475.6,809293,0.04264
35.NWH.2005.BELUGA.ADN_20_04726.S_20_01294.dl.n_s.bam,S_20_01294,North_West_Hudson_NWH,NWH,Arviat_Qiqiqtaarjuk,NA,NA,2005,7,13,WHB,PAN,576091,636840.1,824987,-0.32288
36.NWH.2005.BELUGA.ADN_20_04724.S_20_01296.dl.n_s.bam,S_20_01296,North_West_Hudson_NWH,NWH,Arviat_Qiqiqtaarjuk,NA,NA,2005,7,13,WHB,PAN,640367,638030.8,826447,0.0124
19.NWH.1999.BELUGA.ADN_20_04722.S_20_01298.dl.n_s.bam,S_20_01298,North_West_Hudson_NWH,NWH,Arviat,NA,NA,1999,8,19,WHB,PAN,641413,643607.6,833556,-0.01155
37.NWH.2005.BELUGA.ADN_20_04712.S_20_01308.dl.n_s.bam,S_20_01308,North_West_Hudson_NWH,NWH,Arviat_Qiqiqtaarjuk,NA,NA,2005,8,NA,WHB,PAN,638542,639194.2,828054,-0.00345
34.NWH.1999.BELUGA.ADN_20_04710.S_20_01310.dl.n_s.bam,S_20_01310,North_West_Hudson_NWH,NWH,Arviat_Qiqiqtaarjuk,NA,NA,1999,8,19,WHB,PAN,634263,634560.5,822094,-0.00159
54.NWH.1997.BELUGA.ADN_20_05019.S_20_01317.dl.n_s.bam,S_20_01317,North_West_Hudson_NWH,NWH,Wilson_Bay,NA,NA,1997,8,15,WHB,PAN,635936,639508.1,828373,-0.01891
53.NWH.1997.BELUGA.ADN_20_04692.S_20_01322.dl.n_s.bam,S_20_01322,North_West_Hudson_NWH,NWH,Whale_Cove,NA,NA,1997,8,9,WHB,PAN,636813,636814.2,824864,-0.00001
15.NWH.2014.BELUGA.ADN_20_04776.S_20_01363.dl.n_s.bam,S_20_01363,North_West_Hudson_NWH,NWH,Arviaraajut,NA,NA,2014,7,30,WHB,PAN,622179,604951.7,784284,0.09606
30.NWH.2014.BELUGA.ADN_20_04780.S_20_01366.dl.n_s.bam,S_20_01366,North_West_Hudson_NWH,NWH,Arviat_Point,NA,NA,2014,7,28,WHB,PAN,636334,637136.7,825348,-0.00427
25.NWH.2008.BELUGA.ADN_20_04772.S_20_01374.dl.n_s.bam,S_20_01374,North_West_Hudson_NWH,NWH,Arviat,NA,NA,2008,8,18,WHB,PAN,633204,642672.9,832407,-0.04991
20.NWH.1999.BELUGA.ADN_20_04755.S_20_01375.dl.n_s.bam,S_20_01375,North_West_Hudson_NWH,NWH,Arviat,NA,NA,1999,8,NA,WHB,PAN,631408,623138.7,807556,0.04484
49.NWH.2011.BELUGA.ADN_20_04829.S_20_01419.dl.n_s.bam,S_20_01419,North_West_Hudson_NWH,NWH,NA,NA,NA,2011,8,6,WHB,PAN,637894,631488.2,818015,0.03434
28.NWH.2012.BELUGA.ADN_20_04986.S_20_01514.dl.n_s.bam,S_20_01514,North_West_Hudson_NWH,NWH,Arviat,NA,NA,2012,8,12,WHB,PAN,633328,620974.5,804762,0.06722
29.NWH.2012.BELUGA.ADN_20_04988.S_20_01516.dl.n_s.bam,S_20_01516,North_West_Hudson_NWH,NWH,Arviat,NA,NA,2012,8,27,WHB,PAN,635405,638090.6,826433,-0.01426
33.NWH.2010.BELUGA.ADN_20_05933.S_20_01551.dl.n_s.bam,S_20_01551,North_West_Hudson_NWH,NWH,Arviat_McConnell_River,60.43613,-94.2353,2010,7,28,WHB,PAN,635024,639978.1,829123,-0.02619
56.NWH.2011.BELUGA.ADN_20_05929.S_20_01553.dl.n_s.bam,S_20_01553,North_West_Hudson_NWH,NWH,Wolf_Esker_Reef,NA,NA,2011,8,9,WHB,PAN,634609,635093.6,822955,-0.00258
50.NWH.2014.BELUGA.ADN_20_05927.S_20_01555.dl.n_s.bam,S_20_01555,North_West_Hudson_NWH,NWH,Point_Amarualik,NA,NA,2014,8,23,WHB,PAN,635196,633250.8,820643,0.01038
39.NWH.2009.BELUGA.ADN_20_05923.S_20_01562.dl.n_s.bam,S_20_01562,North_West_Hudson_NWH,NWH,Arviat_Sentry_Island,NA,NA,2009,8,24,WHB,PAN,630108,620998.5,805016,0.0495
55.NWH.2009.BELUGA.ADN_20_05924.S_20_01567.dl.n_s.bam,S_20_01567,North_West_Hudson_NWH,NWH,Wolf_Esker_Reef,NA,NA,2009,8,25,WHB,WHB,632749,626992.6,812556,0.03102
40.NWH.2010.BELUGA.ADN_20_05886.S_20_01590.dl.n_s.bam,S_20_01590,North_West_Hudson_NWH,NWH,Arviat_Sentry_Island,NA,NA,2010,7,30,WHB,PAN,641012,635068.6,822743,0.03167
32.NWH.2009.BELUGA.ADN_20_05871.S_20_01594.dl.n_s.bam,S_20_01594,North_West_Hudson_NWH,NWH,Arviat_McConnell_River,NA,NA,2009,7,26,WHB,PAN,633857,628476.3,814604,0.02891
46.NWH.2015.BELUGA.ADN_20_01172.S_20_03515.dl.n_s.bam,S_20_03515,North_West_Hudson_NWH,NWH,Churchill,NA,NA,2015,7,12,WHB,PAN,623394,609974.2,791223,0.07404
47.NWH.2015.BELUGA.ADN_20_01174.S_20_03517.dl.n_s.bam,S_20_03517,North_West_Hudson_NWH,NWH,Churchill,NA,NA,2015,8,8,WHB,PAN,635063,631153.5,817803,0.02095
13.REB.1995.BELUGA.ADN_20_05504.S_20_04103.dl.n_s.bam,S_20_04103,North_Hudson_Bay_NHB,REB,Repulse_Bay,NA,NA,1995,8,16,WHB,PAN,635898,641092.5,830515,-0.02742
14.REB.1997.BELUGA.ADN_20_05509.S_20_04108.dl.n_s.bam,S_20_04108,North_Hudson_Bay_NHB,REB,White_Island,NA,NA,1997,8,23,WHB,WHB,633370,629296.9,815518,0.02187
11.REB.2006.BELUGA.ADN_20_05524.S_20_04123.dl.n_s.bam,S_20_04123,North_Hudson_Bay_NHB,REB,NA,NA,NA,2006,8,10,WHB,PAN,638032,635315,823023,0.01447
5.RES.2003.BELUGA.ADN_20_04662.S_20_01266.dl.n_s.bam,S_20_01266,Resolute_RES,RES,Resolute_Bay,74.76,-95.07,2003,8,1,RES,RES,638891,637546.1,825813,0.00714
4.RES.2001.BELUGA.ADN_20_04943.S_20_01428.dl.n_s.bam,S_20_01428,Resolute_RES,RES,Resolute_Bay,NA,NA,2001,8,4,RES,RES,629347,619566.6,802856,0.05336
8.RES.2012.BELUGA.ADN_20_04985.S_20_01513.dl.n_s.bam,S_20_01513,Resolute_RES,RES,Resolute_Bay,NA,NA,2012,8,22,RES,RES,630557,607712.2,788416,0.12642
3.RES.2012.BELUGA.ADN_20_05003.S_20_01530.dl.n_s.bam,S_20_01530,Resolute_RES,RES,NA,NA,NA,2012,8,31,RES,RES,623691,652828,845169,-0.15149
2.RES.1996.BELUGA.ADN_20_05520.S_20_04119.dl.n_s.bam,S_20_04119,Resolute_RES,RES,NA,NA,NA,1996,8,4,RES,RES,638777,626887.2,812435,0.06408
1.RES.1996.BELUGA.ADN_20_05522.S_20_04121.dl.n_s.bam,S_20_04121,Resolute_RES,RES,NA,NA,NA,1996,8,6,RES,RES,623604,604100.3,783331,0.10882
140.SAN.2009.BELUGA.ADN_20_04939.S_20_01441.dl.n_s.bam,S_20_01441,Sanikiluaq_SAN,SAN,Sanikiluaq,NA,NA,2009,7,5,BEL,PAN,639116,638974.7,827722,0.00075
130.SAN.1995.BELUGA.ADN_20_04912.S_20_01465.dl.n_s.bam,S_20_01465,Sanikiluaq_SAN,SAN,Sanikiluaq,NA,NA,1995,7,8,BEL,PAN,637592,627435.8,813184,0.05468
172.SAN.2018.BELUGA.ADN_20_05389.S_20_03642.dl.n_s.bam,S_20_03642,Sanikiluaq_SAN,SAN,Sanikiluaq,NA,NA,2018,7,3,BEL,PAN,637766,629121.8,815171,0.04646
177.SAN.2020.BELUGA.ADN_20_05103.S_20_03669.dl.n_s.bam,S_20_03669,Sanikiluaq_SAN,SAN,Sanikiluaq,NA,NA,2020,7,6,BEL,LGR,630725,626598,812069,0.02225
180.SAN.2020.BELUGA.ADN_20_05105.S_20_03671.dl.n_s.bam,S_20_03671,Sanikiluaq_SAN,SAN,Sanikiluaq,NA,NA,2020,7,2,BEL,LGR,640220,635239.8,822936,0.02653
109.SAN.1994.BELUGA.ADN_20_06011.S_20_03846.dl.n_s.bam,S_20_03846,Sanikiluaq_SAN,SAN,Coats_Bay,56.23333,-79.5,1994,7,1,BEL,PAN,636387,636539.1,824748,-0.00081
185.SAN.1994.BELUGA.ADN_20_05255.S_20_03849.dl.n_s.bam,S_20_03849,Sanikiluaq_SAN,SAN,Wiegand_Island,NA,NA,1994,7,1,BEL,PAN,634348,633006.5,820316,0.00716
115.SAN.2016.BELUGA.ADN_20_05359.S_20_03957.dl.n_s.bam,S_20_03957,Sanikiluaq_SAN,SAN,King_George,57.1,-78.53333,2016,7,11,BEL,LGR,639594,637275.7,825565,0.01231
165.SAN.2016.BELUGA.ADN_20_05430.S_20_04029.dl.n_s.bam,S_20_04029,Sanikiluaq_SAN,SAN,Sanikiluaq,56.558,-79.45475,2016,7,1,BEL,PAN,633849,639436.9,828205,-0.0296
175.SAN.2020.BELUGA.ADN_20_05492.S_20_04091.dl.n_s.bam,S_20_04091,Sanikiluaq_SAN,SAN,Sanikiluaq,NA,NA,2020,7,2,BEL,PAN,626458,626635.2,812536,-0.00095
88.SEH.2003.BELUGA.ADN_20_01042.S_20_00621.dl.n_s.bam,S_20_00621,South_East_Hudson_SEH,SEH,Little_Whale_River_Qilalugarsiuviup_Kuunga,56,-76.666,2003,7,11,EHB,LGR,639264,619142.7,802285,0.10987
102.SEH.1994.BELUGA.ADN_20_01678.S_20_01765.dl.n_s.bam,S_20_01765,South_East_Hudson_SEH,SEH,Nastapoka_River,56.91,-76.54416667,1994,8,NA,EHB,PAN,638563,643431.3,833345,-0.02563
100.SEH.1994.BELUGA.ADN_20_01677.S_20_01784.dl.n_s.bam,S_20_01784,South_East_Hudson_SEH,SEH,Nastapoka_River,56.91,-76.54416667,1994,8,NA,EHB,PAN,633465,645840.8,836489,-0.06491
101.SEH.1994.BELUGA.ADN_20_02630.S_20_01867.dl.n_s.bam,S_20_01867,South_East_Hudson_SEH,SEH,Nastapoka_River,56.91,-76.54416667,1994,8,16,EHB,PAN,636436,628465.2,814500,0.04285
89.SEH.1995.BELUGA.ADN_20_01683.S_20_01889.dl.n_s.bam,S_20_01889,South_East_Hudson_SEH,SEH,NA,NA,NA,1995,8,9,EHB,LGR,640185,642025.9,831546,-0.00971
87.SEH.2002.BELUGA.ADN_20_01915.S_20_02175.dl.n_s.bam,S_20_02175,South_East_Hudson_SEH,SEH,Little_Whale_River_Qilalugarsiuviup_Kuunga,56,-76.666,2002,7,28,EHB,LGR,646197,642590.4,832264,0.01901
103.SEH.2000.BELUGA.ADN_20_04477.S_20_02340.dl.n_s.bam,S_20_02340,South_East_Hudson_SEH,SEH,Nastapoka_River,56.91,-76.54416667,2000,8,5,EHB,PAN,638385,633943.4,821077,0.02373
90.SEH.1997.BELUGA.ADN_20_03225.S_20_03105.dl.n_s.bam,S_20_03105,South_East_Hudson_SEH,SEH,NA,NA,NA,1997,7,19,EHB,PAN,639681,638363.5,826924,0.00699
98.SEH.2016.BELUGA.ADN_20_02489.S_20_03418.dl.n_s.bam,S_20_03418,South_East_Hudson_SEH,SEH,NA,NA,NA,2016,8,14,EHB,PAN,640338,647096.1,837948,-0.03541
99.SEH.2016.BELUGA.ADN_20_03865.S_20_03419.dl.n_s.bam,S_20_03419,South_East_Hudson_SEH,SEH,NA,NA,NA,2016,8,14,EHB,PAN,639866,642935.3,832708,-0.01617
94.SEH.2016.BELUGA.ADN_20_01726.S_20_03420.dl.n_s.bam,S_20_03420,South_East_Hudson_SEH,SEH,NA,NA,NA,2016,7,25,EHB,LGR,635365,622172.1,806388,0.07162
95.SEH.2016.BELUGA.ADN_20_02490.S_20_03421.dl.n_s.bam,S_20_03421,South_East_Hudson_SEH,SEH,NA,NA,NA,2016,7,29,EHB,PAN,638287,633815.6,821157,0.02387
97.SEH.2016.BELUGA.ADN_20_02491.S_20_03422.dl.n_s.bam,S_20_03422,South_East_Hudson_SEH,SEH,NA,NA,NA,2016,7,29,EHB,LGR,639421,635008.8,822632,0.02352
96.SEH.2016.BELUGA.ADN_20_03197.S_20_03526.dl.n_s.bam,S_20_03526,South_East_Hudson_SEH,SEH,NA,NA,NA,2016,8,30,EHB,PAN,641912,647036,837855,-0.02685
251.SHS.2019.BELUGA.ADN_20_04589.S_20_01726.dl.n_s.bam,S_20_01726,South_Hudson_Strait_SHS,SHS,Ivujivik,NA,NA,2019,7,2,SHS,LGR,637855,642472.7,832057,-0.02436
279.SHS.2020.BELUGA.ADN_20_04591.S_20_01743.dl.n_s.bam,S_20_01743,South_Hudson_Strait_SHS,SHS,Quaqtaq,NA,NA,2020,7,1,SHS,PAN,633329,628973.2,814963,0.02342
250.SHS.2019.BELUGA.ADN_20_04597.S_20_01750.dl.n_s.bam,S_20_01750,South_Hudson_Strait_SHS,SHS,Ivujivik,NA,NA,2019,7,6,SHS,PAN,632247,640437.3,829556,-0.04331
240.SHS.1999.BELUGA.ADN_20_01892.S_20_01935.dl.n_s.bam,S_20_01935,South_Hudson_Strait_SHS,SHS,Baie_Kangiararjuk,61.55277778,-71.80555556,1999,7,6,SHS,PAN,634816,624550.3,809552,0.05549
270.SHS.2013.BELUGA.ADN_20_04084.S_20_02016.dl.n_s.bam,S_20_02016,South_Hudson_Strait_SHS,SHS,Pointe_Akulivik,61.777,-72.206,2013,7,1,SHS,PAN,635456,635506.7,823462,-0.00027
280.SHS.2000.BELUGA.ADN_20_04465.S_20_02328.dl.n_s.bam,S_20_02328,South_Hudson_Strait_SHS,SHS,Salluit,62.1,-75.514,2000,7,6,SHS,PAN,637407,625042.2,810385,0.06671
261.SHS.2000.BELUGA.ADN_20_04466.S_20_02329.dl.n_s.bam,S_20_02329,South_Hudson_Strait_SHS,SHS,NA,NA,NA,2000,7,6,SHS,PAN,632441,627732.9,813597,0.02533
241.SHS.2004.BELUGA.ADN_20_04338.S_20_02537.dl.n_s.bam,S_20_02537,South_Hudson_Strait_SHS,SHS,Camp_Imilimmiut,60.817,-69.436,2004,7,7,SHS,PAN,620067,608890.6,789593,0.06185
242.SHS.2004.BELUGA.ADN_20_04340.S_20_02539.dl.n_s.bam,S_20_02539,South_Hudson_Strait_SHS,SHS,Camp_Imilimmiut,60.817,-69.436,2004,7,7,SHS,PAN,615655,599947.2,779066,0.08769
275.SHS.2018.BELUGA.ADN_20_03885.S_20_02925.dl.n_s.bam,S_20_02925,South_Hudson_Strait_SHS,SHS,Quaqtaq,NA,NA,2018,7,10,SHS,PAN,628811,636320,824514,-0.0399
264.SHS.2018.BELUGA.ADN_20_03983.S_20_02927.dl.n_s.bam,S_20_02927,South_Hudson_Strait_SHS,SHS,Nuvuk,NA,NA,2018,7,8,SHS,PAN,584542,568725.9,740025,0.09233
256.SHS.2018.BELUGA.ADN_20_04008.S_20_02952.dl.n_s.bam,S_20_02952,South_Hudson_Strait_SHS,SHS,Kangiqsujuaq,61.598,-71.96,2018,7,15,SHS,PAN,620822,613755.5,796408,0.03869
253.SHS.1995.BELUGA.ADN_20_05083.S_20_03438.dl.n_s.bam,S_20_03438,South_Hudson_Strait_SHS,SHS,Kangiqsujuaq,61.59805,-71.96027,1995,7,12,SHS,PAN,633246,640416.8,829603,-0.0379
285.SHS.1995.BELUGA.ADN_20_05084.S_20_03439.dl.n_s.bam,S_20_03439,South_Hudson_Strait_SHS,SHS,Tupirvikallak,61.54555556,-71.71638889,1995,7,5,SHS,PAN,634257,631965.5,818858,0.01226
252.SHS.1995.BELUGA.ADN_20_05085.S_20_03440.dl.n_s.bam,S_20_03440,South_Hudson_Strait_SHS,SHS,Kangiqsujuaq,61.59805,-71.96027,1995,7,10,SHS,PAN,631871,632833.6,819968,-0.00514
352.SLE.2018.BELUGA.ADN_20_04287.S_20_01777.dl.n_s.bam,S_20_01777,Saint_Laurent_SLE,SLE,Le_Bic,NA,NA,2018,7,22,SLE,SLE,646156,642939.3,832723,0.01695
351.SLE.2009.BELUGA.ADN_20_04491.S_20_01781.dl.n_s.bam,S_20_01781,Saint_Laurent_SLE,SLE,LAnse_au_Loup,51.5221,-56.8288,2009,7,12,SLE,PAN,636319,639522.2,828381,-0.01696
347.SLE.2017.BELUGA.ADN_20_04284.S_20_01788.dl.n_s.bam,S_20_01788,Saint_Laurent_SLE,SLE,Grand_Metis,NA,NA,2017,8,1,SLE,SLE,662972,640550.3,829622,0.11859
343.SLE.2018.BELUGA.ADN_20_04288.S_20_01797.dl.n_s.bam,S_20_01797,Saint_Laurent_SLE,SLE,Baie_Sainte_Catherine,NA,NA,2018,7,29,SLE,SLE,667984,643804.4,833799,0.12726
359.SLE.2010.BELUGA.ADN_20_05810.S_20_03480.dl.n_s.bam,S_20_03480,Saint_Laurent_SLE,SLE,Sainte_Flavie,48.60638889,-68.24111111,2010,8,29,SLE,SLE,646814,608013.3,788344,0.21516
348.SLE.2019.BELUGA.ADN_20_05794.S_20_03540.dl.n_s.bam,S_20_03540,Saint_Laurent_SLE,SLE,Grosse_Roche,48.940756,-67.171455,2019,7,16,SLE,SLE,645593,624459.7,809211,0.11439
358.SLE.2019.BELUGA.ADN_20_05813.S_20_03659.dl.n_s.bam,S_20_03659,Saint_Laurent_SLE,SLE,Riviere_du_Loup,47.865,-69.61667,2019,8,1,SLE,SLE,661003,625280.9,810251,0.19312
74.SWH.2003.BELUGA.ADN_20_01128.S_20_00770.dl.n_s.bam,S_20_00770,South_West_Hudson_SWH,SWH,Nelson_River,57.2,-92.24,2003,7,30,WHB,PAN,629173,627227,812953,0.01048
287.UNG.2019.BELUGA.ADN_20_02304.S_20_01178.dl.n_s.bam,S_20_01178,Ungava_UNG,UNG,Leaf_Bay,59.59,-69.52,2019,7,26,UNG,PAN,626236,616110.3,798465,0.05553
288.UNG.2019.BELUGA.ADN_20_02305.S_20_01179.dl.n_s.bam,S_20_01179,Ungava_UNG,UNG,Leaf_Bay,NA,NA,2019,8,14,UNG,PAN,637259,634142.3,821604,0.01663
286.UNG.2019.BELUGA.ADN_20_02306.S_20_01180.dl.n_s.bam,S_20_01180,Ungava_UNG,UNG,Cap_Qalirusiq,NA,NA,2019,7,26,UNG,PAN,635677,625788.6,810917,0.05341
57.JAM.2002.BELUGA.ADN_20_01029.S_20_00807.dl.n_s.bam,S_20_00807,James_Bay_JAM,JAM,Bear_Island_Baie_James,54.2,-81,2002,9,7,JAM,PAN,626681,619900.6,803742,0.03688
58.JAM.2002.BELUGA.ADN_20_01030.S_20_00808.dl.n_s.bam,S_20_00808,James_Bay_JAM,JAM,Bear_Island_Baie_James,54.2,-81,2002,9,7,JAM,PAN,637180,642276.3,831942,-0.02687
60.JAM.2002.BELUGA.ADN_20_01031.S_20_00809.dl.n_s.bam,S_20_00809,James_Bay_JAM,JAM,Bear_Island_Baie_James,54.2,-81,2002,9,7,JAM,PAN,639476,642580.7,832259,-0.01637
59.JAM.2002.BELUGA.ADN_20_01032.S_20_00810.dl.n_s.bam,S_20_00810,James_Bay_JAM,JAM,Bear_Island_Baie_James,54.2,-81,2002,9,7,JAM,PAN,638418,638984.8,827736,-0.003
220.NEH.2003.BELUGA.ADN_20_01427.S_20_01019.dl.n_s.bam,S_20_01019,North_East_Hudson_NEH,NEH,Puvirnituq,60.02888889,-77.44305556,2003,9,18,NEH,PAN,611036,592138,768651,0.10706
195.NHB.1996.BELUGA.ADN_20_01523.S_20_00944.dl.n_s.bam,S_20_00944,North_Hudson_Bay_NHB,NHB,Coral_Harbour,64.108744,-83.117867,1996,9,25,WHB,PAN,594476,569317.9,740130,0.14729
196.NHB.1996.BELUGA.ADN_20_01527.S_20_00948.dl.n_s.bam,S_20_00948,North_Hudson_Bay_NHB,NHB,Coral_Harbour,64.108744,-83.117867,1996,9,16,WHB,PAN,624484,600538.2,779746,0.13362
225.NHS.1993.BELUGA.ADN_20_04674.S_20_01278.dl.n_s.bam,S_20_01278,North_Hudson_Strait_NHS,NHS,Itivik_Bay,NA,NA,1993,10,13,NHS,PAN,638475,631284,817877,0.03854
238.NHS.2002.BELUGA.ADN_20_04793.S_20_01346.dl.n_s.bam,S_20_01346,North_Hudson_Strait_NHS,NHS,NA,NA,NA,2002,10,NA,NHS,PAN,639831,637589.3,825828,0.01191
236.NHS.2001.BELUGA.ADN_20_04781.S_20_01350.dl.n_s.bam,S_20_01350,North_Hudson_Strait_NHS,NHS,NA,NA,NA,2001,11,9,NHS,PAN,636206,647666.1,838730,-0.05998
237.NHS.2001.BELUGA.ADN_20_04786.S_20_01355.dl.n_s.bam,S_20_01355,North_Hudson_Strait_NHS,NHS,NA,NA,NA,2001,11,8,NHS,PAN,629572,610536.7,791363,0.10527
229.NHS.2001.BELUGA.ADN_20_04788.S_20_01357.dl.n_s.bam,S_20_01357,North_Hudson_Strait_NHS,NHS,Kimmirut,NA,NA,2001,11,8,NHS,PAN,642568,641144.1,830430,0.00752
224.NHS.1991.BELUGA.ADN_20_04945.S_20_01482.dl.n_s.bam,S_20_01482,North_Hudson_Strait_NHS,NHS,Itivik_Bay,NA,NA,1991,11,2,NHS,PAN,635217,638241,826939,-0.01603
227.NHS.1994.BELUGA.ADN_20_04952.S_20_01486.dl.n_s.bam,S_20_01486,North_Hudson_Strait_NHS,NHS,Itivik_Bay,NA,NA,1994,10,27,NHS,PAN,624744,616789.1,799839,0.04346
232.NHS.1994.BELUGA.ADN_20_04953.S_20_01487.dl.n_s.bam,S_20_01487,North_Hudson_Strait_NHS,NHS,NA,NA,NA,1994,10,27,NHS,PAN,630362,639054.8,827948,-0.04602
226.NHS.1994.BELUGA.ADN_20_04956.S_20_01489.dl.n_s.bam,S_20_01489,North_Hudson_Strait_NHS,NHS,Itivik_Bay,NA,NA,1994,10,27,NHS,PAN,633601,623060.6,807424,0.05717
233.NHS.1994.BELUGA.ADN_20_04961.S_20_01494.dl.n_s.bam,S_20_01494,North_Hudson_Strait_NHS,NHS,NA,NA,NA,1994,10,27,NHS,PAN,635876,642533.1,832254,-0.03509
228.NHS.1996.BELUGA.ADN_20_04977.S_20_01507.dl.n_s.bam,S_20_01507,North_Hudson_Strait_NHS,NHS,Itivik_Bay,NA,NA,1996,10,NA,NHS,PAN,611799,590082.8,765624,0.12371
239.NHS.1996.BELUGA.ADN_20_05981.S_20_03503.dl.n_s.bam,S_20_03503,North_Hudson_Strait_NHS,NHS,Near_Kimmirut_Just_Island,NA,NA,1996,11,23,NHS,PAN,631332,624900.4,809982,0.03475
41.NWH.1999.BELUGA.ADN_20_02055.S_20_00830.dl.n_s.bam,S_20_00830,North_West_Hudson_NWH,NWH,Chesterfield_Inlet,NA,NA,1999,9,22,WHB,PAN,634587,637751.4,826166,-0.01679
42.NWH.1999.BELUGA.ADN_20_01304.S_20_01078.dl.n_s.bam,S_20_01078,North_West_Hudson_NWH,NWH,Chesterfield_Inlet,NA,NA,1999,9,15,WHB,PAN,576102,548486.8,713781,0.16707
43.NWH.1999.BELUGA.ADN_20_01305.S_20_01079.dl.n_s.bam,S_20_01079,North_West_Hudson_NWH,NWH,Chesterfield_Inlet,NA,NA,1999,9,NA,WHB,PAN,614366,587730.1,763651,0.15141
10.REB.1997.BELUGA.ADN_20_05512.S_20_04111.dl.n_s.bam,S_20_04111,North_Hudson_Bay_NHB,REB,Aivilik,66.5109011,-86.3219611,1997,9,16,WHB,PAN,635671,636636.8,824916,-0.00513
12.REB.2015.BELUGA.ADN_20_05531.S_20_04130.dl.n_s.bam,S_20_04130,North_Hudson_Bay_NHB,REB,Naujaat,66.51714,-86.24081,2015,9,28,WHB,PAN,617005,603682.2,782027,0.0747
6.RES.2007.BELUGA.ADN_20_05496.S_20_04095.dl.n_s.bam,S_20_04095,Resolute_RES,RES,Resolute_Bay,NA,NA,2007,9,7,RES,RES,638404,633652.1,821096,0.02535
7.RES.2007.BELUGA.ADN_20_05497.S_20_04096.dl.n_s.bam,S_20_04096,Resolute_RES,RES,Resolute_Bay,NA,NA,2007,9,1,RES,RES,637706,641081.2,830477,-0.01782
9.RES.2008.BELUGA.ADN_20_05525.S_20_04124.dl.n_s.bam,S_20_04124,Resolute_RES,RES,South_Camp_Beach,NA,NA,2008,9,23,RES,RES,635184,632307.3,819280,0.01539
131.SAN.1996.BELUGA.ADN_20_05224.S_20_03555.dl.n_s.bam,S_20_03555,Sanikiluaq_SAN,SAN,Sanikiluaq,NA,NA,1996,9,25,BEL,PAN,638165,634622.9,822269,0.01888
118.SAN.2010.BELUGA.ADN_20_05165.S_20_03731.dl.n_s.bam,S_20_03731,Sanikiluaq_SAN,SAN,Renouf_island,56.56666667,-79.15,2010,10,12,BEL,PAN,635777,636398.7,824545,-0.0033
132.SAN.1996.BELUGA.ADN_20_05994.S_20_03795.dl.n_s.bam,S_20_03795,Sanikiluaq_SAN,SAN,Sanikiluaq,NA,NA,1996,9,16,BEL,LGR,638073,638071.8,826593,0.00001
188.SAN.2017.BELUGA.ADN_20_05449.S_20_04048.dl.n_s.bam,S_20_04048,Sanikiluaq_SAN,SAN,Wiegand_Island,56.64667,-79.23889,2017,10,11,BEL,PAN,637503,642691.4,832444,-0.02734
123.SAN.2019.BELUGA.ADN_20_05464.S_20_04063.dl.n_s.bam,S_20_04063,Sanikiluaq_SAN,SAN,Renouf_island,56.6,-79.15,2019,10,29,BEL,PAN,619691,642287.3,831882,-0.11918
83.SEH.2020.BELUGA.ADN_20_04608.S_20_01151.dl.n_s.bam,S_20_01151,South_East_Hudson_SEH,SEH,Kuujjuarapik,NA,NA,2020,10,3,EHB,JAM-BEL,642893,637866.5,826182,0.02669
80.SEH.2019.BELUGA.ADN_20_04598.S_20_01152.dl.n_s.bam,S_20_01152,South_East_Hudson_SEH,SEH,Kuujjuarapik,NA,NA,2019,9,25,EHB,PAN,638023,647435.9,838359,-0.0493
82.SEH.2020.BELUGA.ADN_20_04577.S_20_01174.dl.n_s.bam,S_20_01174,South_East_Hudson_SEH,SEH,Kuujjuarapik,NA,NA,2020,10,3,EHB,PAN,636610,636402.7,824248,0.0011
79.SEH.2019.BELUGA.ADN_20_04594.S_20_01175.dl.n_s.bam,S_20_01175,South_East_Hudson_SEH,SEH,Kuujjuarapik,NA,NA,2019,10,12,EHB,JAM-BEL,643222,645847.9,836348,-0.01378
78.SEH.2019.BELUGA.ADN_20_04583.S_20_01727.dl.n_s.bam,S_20_01727,South_East_Hudson_SEH,SEH,Kuujjuarapik,NA,NA,2019,9,25,EHB,PAN,581137,644032.7,834063,-0.33098
86.SEH.2020.BELUGA.ADN_20_04592.S_20_01734.dl.n_s.bam,S_20_01734,South_East_Hudson_SEH,SEH,Kuujjuarapik,NA,NA,2020,10,4,EHB,WHB,631683,640926.3,830039,-0.04888
81.SEH.2019.BELUGA.ADN_20_04582.S_20_01736.dl.n_s.bam,S_20_01736,South_East_Hudson_SEH,SEH,Kuujjuarapik,NA,NA,2019,10,12,EHB,JAM-BEL,633610,648872.1,840167,-0.07978
84.SEH.2020.BELUGA.ADN_20_04578.S_20_01744.dl.n_s.bam,S_20_01744,South_East_Hudson_SEH,SEH,Kuujjuarapik,NA,NA,2020,10,3,EHB,PAN,633545,644234.6,834321,-0.05624
85.SEH.2020.BELUGA.ADN_20_03840.S_20_02890.dl.n_s.bam,S_20_02890,South_East_Hudson_SEH,SEH,Kuujjuarapik,NA,NA,2020,10,3,EHB,JAM-BEL,639506,648495.5,839743,-0.047
257.SHS.2019.BELUGA.ADN_20_04609.S_20_01160.dl.n_s.bam,S_20_01160,South_Hudson_Strait_SHS,SHS,Kangiqsujuaq,NA,NA,2019,11,6,SHS,PAN,633961,642962.1,832840,-0.0474
258.SHS.2019.BELUGA.ADN_20_04558.S_20_01162.dl.n_s.bam,S_20_01162,South_Hudson_Strait_SHS,SHS,Kangiqsujuaq,NA,NA,2019,11,4,SHS,PAN,632877,637392.2,825631,-0.02399
259.SHS.2019.BELUGA.ADN_20_04604.S_20_01165.dl.n_s.bam,S_20_01165,South_Hudson_Strait_SHS,SHS,Kangiqsujuaq,NA,NA,2019,11,6,SHS,PAN,636359,639934.2,828963,-0.01891
278.SHS.2020.BELUGA.ADN_20_04603.S_20_01169.dl.n_s.bam,S_20_01169,South_Hudson_Strait_SHS,SHS,Quaqtaq,NA,NA,2020,11,9,SHS,PAN,636928,643792.6,833812,-0.03613
277.SHS.2020.BELUGA.ADN_20_04585.S_20_01754.dl.n_s.bam,S_20_01754,South_Hudson_Strait_SHS,SHS,Quaqtaq,NA,NA,2020,11,9,SHS,LGR,637055,643546.9,833484,-0.03418
260.SHS.1994.BELUGA.ADN_20_02823.S_20_01883.dl.n_s.bam,S_20_01883,South_Hudson_Strait_SHS,SHS,Kangirsuapik,61.867,-72.183,1994,10,17,SHS,PAN,638895,644398.6,834645,-0.02893
247.SHS.2013.BELUGA.ADN_20_04095.S_20_02022.dl.n_s.bam,S_20_02022,South_Hudson_Strait_SHS,SHS,Ivujivik,62.417,-77.911,2013,10,20,SHS,LGR,633108,626510.5,812048,0.03556
244.SHS.2013.BELUGA.ADN_20_04097.S_20_02024.dl.n_s.bam,S_20_02024,South_Hudson_Strait_SHS,SHS,Fairway_Island,62.433,-78.032,2013,10,25,SHS,PAN,629817,610931.1,791993,0.10431
271.SHS.2002.BELUGA.ADN_20_04117.S_20_02138.dl.n_s.bam,S_20_02138,South_Hudson_Strait_SHS,SHS,Quaqtaq,61.0463,-69.6339,2002,11,3,SHS,PAN,634035,632436.3,819462,0.00855
249.SHS.2018.BELUGA.ADN_20_05060.S_20_03385.dl.n_s.bam,S_20_03385,South_Hudson_Strait_SHS,SHS,Ivujivik,NA,NA,2018,11,1,SHS,PAN,625454,611165.9,792590,0.07876
248.SHS.2018.BELUGA.ADN_20_05071.S_20_03396.dl.n_s.bam,S_20_03396,South_Hudson_Strait_SHS,SHS,Ivujivik,NA,NA,2018,11,1,SHS,PAN,613489,602780.2,782295,0.05965
274.SHS.2017.BELUGA.ADN_20_04518.S_20_03551.dl.n_s.bam,S_20_03551,South_Hudson_Strait_SHS,SHS,Quaqtaq,NA,NA,2017,11,22,SHS,PAN,635657,639749.6,828738,-0.02166
364.SLE.2017.BELUGA.ADN_20_04281.S_20_01766.dl.n_s.bam,S_20_01766,Saint_Laurent_SLE,SLE,Saint_Ulric,NA,NA,2017,10,23,SLE,SLE,662844,640066,829035,0.12054
363.SLE.2009.BELUGA.ADN_20_04495.S_20_01779.dl.n_s.bam,S_20_01779,Saint_Laurent_SLE,SLE,Saint_Ulric,48.788,-67.702,2009,10,24,SLE,SLE,668887,640061.7,829092,0.15249
354.SLE.2019.BELUGA.ADN_20_05814.S_20_03531.dl.n_s.bam,S_20_03531,Saint_Laurent_SLE,SLE,Matane,48.87732,-67.41554,2019,10,17,SLE,SLE,662687,629153.6,815347,0.1801
345.SLE.2019.BELUGA.ADN_20_05796.S_20_03532.dl.n_s.bam,S_20_03532,Saint_Laurent_SLE,SLE,Cacouna,47.9133,-69.5073,2019,11,9,SLE,SLE,663867,639111.7,827847,0.13116
353.SLE.2009.BELUGA.ADN_20_04293.S_20_03664.dl.n_s.bam,S_20_03664,Saint_Laurent_SLE,SLE,Matane,48.818,-67.6044,2009,9,3,SLE,SLE,664963,640056.9,829070,0.13177
139.SAN.2005.BELUGA.ADN_20_05348.S_20_00715.dl.n_s.bam,S_20_00715,Sanikiluaq_SAN,SAN,Sanikiluaq,NA,NA,2005,12,NA,BEL,JAM-BEL,613653,596477.1,774056,0.09672
138.SAN.2005.BELUGA.ADN_20_01105.S_20_00719.dl.n_s.bam,S_20_00719,Sanikiluaq_SAN,SAN,Sanikiluaq,NA,NA,2005,12,NA,BEL,JAM-BEL,633845,626344.3,811416,0.04053
112.SAN.2011.BELUGA.ADN_20_04864.S_20_01410.dl.n_s.bam,S_20_01410,Sanikiluaq_SAN,SAN,Flaherty_Island,56.1354,-79.30304,2011,12,29,BEL,JAM-BEL,632442,615715.2,797684,0.09192
110.SAN.2013.BELUGA.ADN_20_04890.S_20_01472.dl.n_s.bam,S_20_01472,Sanikiluaq_SAN,SAN,Coats_Bay,56.23333,-79.5,2013,2,15,BEL,JAM-BEL,641297,630272,816558,0.05918
111.SAN.2013.BELUGA.ADN_20_04893.S_20_01475.dl.n_s.bam,S_20_01475,Sanikiluaq_SAN,SAN,Coats_Bay,56.23333,-79.5,2013,2,15,BEL,JAM-BEL,641164,641889.8,831332,-0.00383
141.SAN.2021.BELUGA.ADN_20_05902.S_20_01574.dl.n_s.bam,S_20_01574,Sanikiluaq_SAN,SAN,Sanikiluaq,NA,NA,2021,1,NA,BEL,PAN,632813,626975.7,812703,0.03143
184.SAN.2021.BELUGA.ADN_20_05033.S_20_01612.dl.n_s.bam,S_20_01612,Sanikiluaq_SAN,SAN,Sanikiluaq,55.98817288,-79.25579291,2021,1,21,BEL,PAN,635449,640215.6,829225,-0.02522
159.SAN.2011.BELUGA.ADN_20_05988.S_20_03736.dl.n_s.bam,S_20_03736,Sanikiluaq_SAN,SAN,Sanikiluaq,NA,NA,2011,3,NA,BEL,PAN,627062,627740.8,813823,-0.00365
164.SAN.2013.BELUGA.ADN_20_05177.S_20_03746.dl.n_s.bam,S_20_03746,Sanikiluaq_SAN,SAN,Sanikiluaq,NA,NA,2013,2,NA,BEL,JAM-BEL,642566,632159.4,818976,0.0557
162.SAN.2013.BELUGA.ADN_20_05181.S_20_03750.dl.n_s.bam,S_20_03750,Sanikiluaq_SAN,SAN,Sanikiluaq,NA,NA,2013,2,NA,BEL,JAM-BEL,641550,636706.3,824708,0.02576
161.SAN.2013.BELUGA.ADN_20_05353.S_20_03951.dl.n_s.bam,S_20_03951,Sanikiluaq_SAN,SAN,Sanikiluaq,NA,NA,2013,2,NA,BEL,JAM-BEL,623179,608051.6,788498,0.08383
163.SAN.2013.BELUGA.ADN_20_05354.S_20_03952.dl.n_s.bam,S_20_03952,Sanikiluaq_SAN,SAN,Sanikiluaq,NA,NA,2013,2,NA,BEL,JAM-BEL,634962,652152.2,844321,-0.08945
314.CBS.2005.BELUGA.ADN_20_00969.S_20_00782.dl.n_s.bam,S_20_00782,Cumberland_Sound_CBS,CBS,Pangnirtung,66.1466,-65.7012,2005,NA,NA,CBS,PAN,629885,618259.5,801300,0.06351
45.NWH.2002.BELUGA.ADN_20_01059.S_20_00811.dl.n_s.bam,S_20_00811,North_West_Hudson_NWH,NWH,Churchill,NA,NA,2002,NA,NA,WHB,PAN,633485,630786,817290,0.01447
147.SAN.2004.BELUGA.ADN_20_00990.S_20_00742.dl.n_s.bam,S_20_00742,Sanikiluaq_SAN,SAN,Sanikiluaq,NA,NA,2004,NA,NA,BEL,PAN,619668,608515.8,789076,0.06176
117.SAN.2002.BELUGA.ADN_20_02288.S_20_00743.dl.n_s.bam,S_20_00743,Sanikiluaq_SAN,SAN,NA,NA,NA,2002,NA,NA,BEL,WHB,630549,635893.8,823744,-0.02845
75.SEH.1990.BELUGA.ADN_20_01754.S_20_01865.dl.n_s.bam,S_20_01865,South_East_Hudson_SEH,SEH,Kuujjuarapik,NA,NA,1990,NA,NA,EHB,LGR,639115,644575.7,834866,-0.0287
93.SEH.2015.BELUGA.ADN_20_03812.S_20_02863.dl.n_s.bam,S_20_02863,South_East_Hudson_SEH,SEH,Kuujjuarapik,55.267901,-77.795199,2015,NA,NA,EHB,LGR,636298,632767.9,820136,0.01884
77.SEH.2015.BELUGA.ADN_20_03814.S_20_02865.dl.n_s.bam,S_20_02865,South_East_Hudson_SEH,SEH,Kuujjuarapik,55.267901,-77.795199,2015,NA,NA,EHB,LGR,640135,640988.2,830296,-0.00451
76.SEH.2015.BELUGA.ADN_20_03815.S_20_02866.dl.n_s.bam,S_20_02866,South_East_Hudson_SEH,SEH,Kuujjuarapik,55.267901,-77.795199,2015,NA,NA,EHB,LGR,640950,642917.2,832749,-0.01036
91.SEH.1997.BELUGA.ADN_20_03223.S_20_03103.dl.n_s.bam,S_20_03103,South_East_Hudson_SEH,SEH,NA,NA,NA,1997,NA,NA,EHB,PAN,638952,644612.4,834845,-0.02975
92.SEH.1997.BELUGA.ADN_20_03224.S_20_03104.dl.n_s.bam,S_20_03104,South_East_Hudson_SEH,SEH,NA,NA,NA,1997,NA,NA,EHB,PAN,635348,628595,814671,0.03629
262.SHS.2010.BELUGA.ADN_20_04035.S_20_01968.dl.n_s.bam,S_20_01968,South_Hudson_Strait_SHS,SHS,NA,NA,NA,2010,NA,NA,SHS,PAN,634936,631058.8,817956,0.02075
